POS;ST‹CK;DURCHM;LƒNGE;GEWICHT;
RND_01_Bodenplatte;;;;;
Plan:P5_15085-02_T_08_440_BW_EUB_00;;;;;
Plan:P5_15085-02_T_08_441_BW_EUB_00;;;;;
1;27;16;5,82;248,28;
2;35;16;5,09;281,48;
3;21;16;4,22;140,02;
4;28;16;3,49;154,40;
5;34;14;3,40;139,88;
6;30;14;2,70;98,01;
7;65;16;3,27;335,83;
8;29;16;3,17;145,25;
9;36;16;3,08;175,19;
10;20;14;2,70;65,34;
11;16;14;2,00;38,72;
12;26;14;3,80;119,55;
13;27;14;3,10;101,28;
14;87;12;5,55;428,77;
15;7;12;2,40;14,92;
16;3;16;2,70;12,80;
17;12;14;1,50;21,78;
18;4;16;3,50;22,12;
112;VE;12;100,00;88,80;
Plan:P5_15085-02_T_08_442_BW_EUB_00;;;;;
1;88;16;3,49;485,25;
2;47;16;5,67;421,05;
3;7;16;3,15;34,84;
4;7;16;5,35;59,17;
5;30;16;1,85;87,69;
6;13;14;5,15;81,01;
7;18;14;3,00;65,34;
8;16;16;2,70;68,26;
9;222;14;3,82;1026,13;
10;46;14;4,02;223,75;
11;52;14;4,25;267,41;
12;26;14;4,28;134,65;
13;26;14;4,08;128,36;
14;26;14;2,88;90,60;
15;26;14;2,48;78,02;
16;6;16;2,25;21,33;
17;1;16;1,60;2,53;
18;31;14;1,90;71,27;
201;13;14;0,50;7,87;
Plan:P5_15085-02_T_08_443_BW_EUB_00;;;;;
1;27;16;4,97;212,02;
2;25;16;5,18;204,61;
3;15;16;3,25;77,03;
4;19;16;3,25;97,57;
5;7;14;2,45;20,75;
6;7;14;2,65;22,45;
7;5;14;3,50;21,18;
8;5;14;3,85;23,29;
9;5;14;3,75;22,69;
10;5;14;4,10;24,80;
11;7;14;1,50;12,70;
12;5;14;2,00;12,10;
13;5;14;2,70;16,34;
14;1;16;2,90;4,58;
15;36;14;4,69;204,30;
16;25;14;4,81;145,50;
17;32;14;5,42;209,86;
18;32;16;9,97;504,08;
19;35;16;7,50;414,75;
20;18;16;7,83;222,69;
21;130;16;5,32;1092,73;
22;33;16;2,50;130,35;
23;20;16;2,96;93,54;
24;62;14;3,75;281,33;
25;17;14;3,00;61,71;
26;17;14;3,00;61,71;
27;17;14;4,80;98,74;
28;14;14;9,45;160,08;
29;62;14;3,92;294,08;
32;1;16;8,75;13,83;
33;5;16;6,00;47,40;
34;2;16;1,75;5,53;
35;70;14;1,90;160,93;
36;1;16;3,00;4,74;
112;VE;12;100,00;88,80;
30;89;14;4,34;467,37;
31;49;14;4,42;262,06;
Plan:P5_15085-02_T_08_444_BW_EUB_01;;;;;
1;57;16;2,16;194,53;
2;99;16;2,66;416,08;
3;58;16;4,41;404,13;
4;58;16;5,91;541,59;
5;56;16;10,56;934,35;
6;50;16;13,00;1027,00;
7;220;16;12,00;4171,20;
8;15;16;5,51;130,59;
9;9;16;8,75;124,43;
10;34;16;7,00;376,04;
11;41;16;6,50;421,07;
12;90;16;14,00;1990,80;
13;32;16;2,82;142,58;
14;327;16;5,42;2800,30;
15;20;16;6,30;199,08;
16;51;16;4,35;350,52;
17;132;16;9,35;1950,04;
18;87;16;2,20;302,41;
19;22;20;9,50;516,23;
20;3;20;5,85;43,35;
21;3;20;9,00;66,69;
22;3;20;11,70;86,70;
23;3;20;8,50;62,99;
24;3;20;13,00;96,33;
25;112;16;8,00;1415,68;
26;274;14;2,96;981,36;
27;33;14;2,75;109,81;
28;8;16;3,22;40,70;
29;7;16;5,95;65,81;
30;5;16;2,45;19,36;
31;5;16;3,20;25,28;
32;5;16;1,55;12,25;
33;5;16;2,10;16,59;
34;5;16;2,10;16,59;
35;5;16;2,30;18,17;
36;1;16;2,60;4,11;
37;8;14;8,75;84,70;
38;8;14;3,60;34,85;
39;4;14;2,40;11,62;
40;12;14;1,30;18,88;
41;4;14;2,90;14,04;
42;4;14;1,55;7,50;
43;516;14;2,92;1823,13;
44;95;14;3,92;450,60;
46;20;12;2,90;51,50;
47;57;14;2,90;200,01;
49;390;14;2,80;1321,32;
50;442;14;2,00;1069,64;
51;54;16;3,30;281,56;
52;111;16;2,50;438,45;
54;100;12;1,75;155,40;
55;26;14;2,12;66,70;
56;13;16;8,39;172,33;
57;136;16;6,25;1343,00;
58;38;16;9,65;579,39;
59;263;16;2,90;1205,07;
60;201;16;7,05;2238,94;
61;37;16;12,70;742,44;
62;49;16;8,15;630,97;
63;143;16;7,75;1751,04;
64;44;16;4,65;323,27;
65;21;16;3,70;122,77;
66;43;16;10,60;720,16;
67;15;16;5,44;128,93;
68;7;16;8,70;96,22;
69;25;16;10,35;408,83;
70;250;12;2,18;483,96;
71;6;14;8,35;60,62;
72;8;14;2,50;24,20;
73;16;14;8,00;154,88;
74;8;14;4,50;43,56;
75;8;14;11,75;113,74;
76;8;14;13,00;125,84;
77;29;16;12,65;579,62;
78;2;16;9,00;28,44;
79;2;16;7,40;23,38;
80;5;16;5,00;39,50;
81;5;16;10,25;80,98;
82;864;14;1,88;1965,43;
83;18;14;11,00;239,58;
84;22;14;6,50;173,03;
85;10;20;6,65;164,26;
112;VE;12;1000,00;888,00;
45;272;12;2,85;688,38;
48;202;14;2,85;696,60;
53;134;14;1,75;283,75;
86;25;14;2,19;66,25;
55;35;14;2,12;89,78;
Plan:P5_15085-02_T_08_445_BW_EUB_00;;;;;
1;64;16;4,26;430,77;
2;63;16;6,76;672,89;
3;12;16;4,28;81,15;
4;12;16;6,78;128,55;
5;163;16;11,20;2884,45;
6;12;16;12,35;234,16;
7;12;16;4,65;88,16;
8;6;16;8,70;82,48;
9;24;20;4,03;238,90;
10;10;20;6,43;158,82;
11;11;20;9,48;257,57;
12;24;20;10,00;592,80;
13;130;16;12,00;2464,80;
14;22;16;6,40;222,46;
15;108;16;8,75;1493,10;
16;5;14;7,00;42,35;
17;5;14;7,70;46,59;
19;2;16;3,25;10,27;
20;2;16;13,00;41,08;
21;22;14;5,73;152,53;
22;110;14;3,38;449,88;
23;71;14;2,46;211,34;
24;152;14;2,86;526,01;
25;230;16;3,20;1162,88;
26;399;14;2,00;965,58;
27;40;12;1,70;60,38;
28;169;12;2,67;400,69;
29;68;12;2,72;164,24;
30;88;12;2,97;232,09;
31;3;20;8,50;62,99;
32;3;20;13,00;96,33;
33;3;20;9,50;70,40;
34;6;20;8,00;118,56;
35;3;20;5,75;42,61;
36;93;16;12,50;1836,75;
37;3;12;2,18;5,81;
38;28;10;2,10;36,28;
39;8;16;2,20;27,81;
40;3;8;1,50;1,78;
41;70;14;2,62;221,91;
42;140;14;3,02;511,59;
43;139;16;6,00;1317,72;
44;66;16;8,30;865,52;
45;71;16;10,15;1138,63;
46;46;16;10,60;770,41;
47;22;16;7,25;252,01;
48;86;16;8,05;1093,83;
49;42;16;4,90;325,16;
50;79;16;13,30;1660,11;
51;14;16;8,05;178,07;
52;14;16;7,00;154,84;
53;13;16;3,85;79,08;
54;12;16;5,20;98,59;
55;78;20;3,75;722,48;
56;55;20;6,90;937,37;
57;11;25;3,50;148,23;
58;11;25;9,00;381,15;
59;11;25;10,10;427,74;
60;43;12;1,25;47,73;
62;5;20;6,00;74,10;
63;5;20;11,50;142,03;
64;10;14;1,80;21,78;
65;14;16;2,20;48,66;
67;24;14;2,00;58,08;
68;18;16;2,20;62,57;
71;15;14;14,00;254,10;
72;66;12;2,22;130,11;
73;20;16;3,45;109,02;
74;21;16;9,00;298,62;
75;4;16;5,90;37,29;
76;8;16;6,50;82,16;
77;4;16;4,00;25,28;
78;120;14;1,50;217,80;
79;72;14;1,54;134,16;
80;403;14;1,70;828,97;
81;10;20;2,40;59,28;
66;8;12;1,53;10,87;
69;28;12;1,47;36,55;
70;4;12;1,37;4,87;
112;VE;12;500,00;444,00;
61;15;20;5,00;185,25;
18;2;16;3,45;10,90;
201;30;16;1,25;59,25;
202;8;20;1,50;29,64;
Plan:P5_15085-02_T_08_446_BW_EUB_00;;;;;
1;123;16;11,20;2176,61;
2;41;16;7,70;498,81;
5;14;20;10,00;345,80;
6;13;20;13,00;417,43;
7;84;14;3,56;361,84;
9;13;14;8,70;136,85;
10;8;14;3,20;30,98;
11;48;14;6,95;403,66;
12;5;14;2,20;13,31;
13;3;14;3,80;13,79;
14;2;14;2,85;6,90;
15;6;16;11,85;112,34;
16;4;14;2,00;9,68;
17;1;14;2,53;3,06;
18;1;14;2,29;2,77;
19;1;14;1,96;2,37;
20;3;14;2,35;8,53;
21;6;14;3,16;22,94;
23;118;14;2,64;376,94;
24;236;14;3,04;868,10;
26;14;14;4,65;78,77;
29;103;16;13,45;2188,85;
31;79;16;3,20;399,42;
32;159;14;2,00;384,78;
33;254;12;2,67;602,22;
34;68;12;2,72;164,24;
35;64;12;2,22;126,17;
36;38;16;2,40;144,10;
38;3;8;1,50;1,78;
39;3;20;10,50;77,81;
40;6;20;8,00;118,56;
43;11;25;12,00;508,20;
44;7;16;9,60;106,18;
45;68;20;3,75;629,85;
46;35;20;6,90;596,51;
47;26;20;2,90;186,24;
48;79;16;7,85;979,84;
49;40;16;4,70;297,04;
50;121;16;13,80;2638,28;
51;31;16;11,75;575,52;
52;11;16;8,75;152,08;
55;27;12;1,25;29,97;
56;5;20;11,85;146,35;
57;5;20;5,00;61,75;
58;28;12;1,47;36,55;
59;18;16;2,20;62,57;
60;24;14;2,00;58,08;
61;4;12;1,40;4,97;
63;8;14;12,70;122,94;
64;7;16;9,80;108,39;
112;VE;12;250,00;222,00;
201;13;14;0,90;14,16;
22;101;14;3,10;378,85;
25;17;14;2,80;57,60;
27;5;14;3,90;23,60;
28;32;14;3,28;127,00;
30;97;16;6,10;934,89;
37;36;12;1,65;52,75;
62;6;16;2,15;20,38;
65;470;14;1,70;966,79;
3;21;16;4,05;134,38;
4;45;16;1,80;127,98;
41;113;16;10,60;1892,52;
42;96;16;7,35;1114,85;
53;29;16;7,75;355,11;
54;15;16;11,70;277,29;
8;74;12;3,26;214,22;
66;11;14;2,50;33,28;
202;10;20;1,50;37,05;
203;24;16;1,25;47,40;
Plan:P5_15085-02_T_08_447_BW_EUB_00;;;;;
1;48;16;4,11;311,70;
2;48;16;6,61;501,30;
3;27;16;6,91;294,78;
4;16;16;3,51;88,73;
5;14;16;6,50;143,78;
6;13;16;4,00;82,16;
7;96;16;11,20;1698,82;
8;21;16;2,18;72,33;
9;87;16;12,00;1649,52;
10;41;16;8,75;566,83;
11;56;16;7,00;619,36;
12;44;16;3,75;260,70;
13;14;14;14,00;237,16;
14;108;16;3,20;546,05;
15;265;14;2,00;641,30;
16;14;16;2,60;57,51;
17;18;12;1,70;27,17;
18;173;12;2,67;410,18;
19;74;14;3,17;283,84;
20;13;16;4,07;83,60;
21;3;20;12,50;92,63;
22;3;20;10,00;74,10;
23;3;20;11,75;87,07;
24;3;20;9,50;70,40;
25;8;20;8,00;158,08;
26;3;12;2,18;5,81;
27;28;10;2,10;36,28;
28;5;20;9,85;121,65;
29;197;16;9,35;2910,28;
30;119;16;8,25;1551,17;
31;21;16;6,65;220,65;
32;116;16;7,75;1420,42;
33;20;16;4,90;154,84;
34;20;16;11,75;371,30;
35;41;16;8,90;576,54;
36;76;16;6,00;720,48;
37;51;16;4,50;362,61;
38;48;16;2,50;189,60;
39;22;16;6,05;210,30;
40;91;12;2,18;176,16;
41;16;14;3,25;62,92;
42;20;14;1,75;42,35;
43;32;16;2,00;101,12;
44;8;12;1,39;9,87;
45;12;12;1,37;14,60;
46;54;14;1,70;111,08;
47;261;14;1,54;486,35;
48;119;14;1,50;215,99;
49;9;20;3,75;83,36;
50;24;12;1,25;26,64;
51;13;14;1,68;26,43;
52;8;12;2,50;17,76;
112;VE;12;350,00;310,80;
201;10;16;1,25;19,75;
202;8;20;1,50;29,64;
Plan:P5_15085-02_T_08_448_BW_EUB_00_T1;;;;;
1;23;16;12,25;445,17;
2;14;16;8,80;194,66;
3;12;16;4,50;85,32;
4;27;16;7,00;298,62;
5;22;20;3,94;214,10;
6;11;20;5,28;143,46;
7;10;20;10,78;266,27;
8;11;20;11,91;323,59;
9;10;20;6,41;158,33;
10;2;16;12,50;39,50;
11;2;16;3,25;10,27;
12;2;16;3,40;10,74;
13;48;16;5,65;428,50;
14;60;16;6,98;661,70;
15;22;16;4,68;162,68;
16;77;14;3,38;314,91;
17;8;14;2,80;27,10;
18;20;14;5,67;137,21;
19;29;14;4,35;152,64;
20;32;16;2,70;136,51;
21;33;16;3,40;177,28;
22;6;14;6,00;43,56;
23;153;14;2,48;459,12;
24;306;14;2,88;1066,35;
25;167;16;3,20;844,35;
26;160;14;2,00;387,20;
27;5;14;8,50;51,43;
28;5;14;3,75;22,69;
29;5;14;3,00;18,15;
30;10;14;2,50;30,25;
31;3;20;5,00;37,05;
32;3;20;8,00;59,28;
33;29;12;2,87;73,91;
34;70;14;3,27;276,97;
35;32;12;3,37;95,76;
36;7;16;4,07;45,01;
37;12;16;14,00;265,44;
38;5;16;4,65;36,74;
39;52;16;12,40;1018,78;
40;37;16;3,05;178,30;
41;22;25;9,25;783,48;
42;11;25;3,50;148,23;
43;71;20;3,75;657,64;
44;57;20;6,90;971,45;
45;53;16;7,00;586,18;
46;45;16;4,10;291,51;
47;18;16;5,30;150,73;
48;9;16;2,40;34,13;
49;26;16;3,70;152,00;
50;8;14;8,50;82,28;
51;8;14;3,65;35,33;
52;8;14;4,00;38,72;
53;16;14;3,00;58,08;
54;8;14;6,80;65,82;
55;78;12;2,20;152,38;
56;31;12;2,18;60,01;
57;12;14;1,50;21,78;
58;10;14;1,80;21,78;
59;12;16;1,65;31,28;
60;5;16;2,00;15,80;
61;20;12;1,40;24,86;
62;4;16;2,80;17,70;
63;2;16;5,20;16,43;
64;2;16;12,50;39,50;
65;4;16;10,50;66,36;
66;142;14;1,52;261,17;
67;9;14;1,64;17,86;
112;VE;12;180,00;159,84;
68;31;12;2,82;77,63;
40;30;16;3,05;144,57;
Plan:RNDlistopenDWGs;;;;;
1;276;10;5,75;979,18;
2;60;10;1,70;62,93;
3;224;10;1,64;226,66;
4;171;10;5,00;527,54;
5;64;8;2,03;51,32;
6;4;16;6,00;37,92;
7;4;16;9,90;62,57;
8;2;16;7,45;23,54;
9;2;16;8,45;26,70;
10;30;10;0,94;17,40;
11;15;12;4,11;54,75;
12;5;12;4,14;18,38;
13;114;10;7,20;506,43;
14;40;12;1,20;42,62;
15;40;10;1,19;29,37;
16;4;16;6,75;42,66;
17;4;14;2,59;12,54;
1;276;10;5,75;979,18;
2;60;10;1,70;62,93;
3;224;10;1,64;226,66;
4;171;10;5,00;527,54;
5;64;8;2,03;51,32;
6;4;16;6,00;37,92;
7;4;16;9,90;62,57;
8;2;16;7,45;23,54;
9;2;16;8,45;26,70;
10;30;10;0,94;17,40;
11;15;12;4,11;54,75;
12;5;12;4,14;18,38;
13;114;10;7,20;506,43;
14;40;12;1,20;42,62;
15;40;10;1,19;29,37;
16;4;16;6,75;42,66;
17;4;14;2,59;12,54;
RND_02_WÑnde 2;;;;;
Plan:P5_15085-02_T_08_450_BW_U2_00;;;;;
Plan:P5_15085-02_T_08_451_BW_U2_00;;;;;
1;8;16;5,75;72,68;
2;8;16;4,85;61,30;
3;68;8;1,68;45,12;
4;34;8;1,12;15,04;
Plan:P5_15085-02_T_08_452_BW_U2_02;;;;;
1;71;12;5,35;337,31;
2;50;20;5,35;660,73;
3;177;12;2,42;380,37;
4;72;10;1,29;57,31;
5;23;14;5,35;148,89;
6;100;10;0,42;25,91;
7;23;14;7,45;207,33;
8;89;12;7,45;588,79;
9;32;16;7,45;376,67;
10;120;8;0,44;20,86;
11;41;12;3,12;113,59;
12;73;8;1,25;36,04;
13;2;14;1,80;4,36;
14;6;12;2,75;14,65;
15;30;12;2,92;77,79;
16;35;10;0,40;8,64;
17;43;12;5,32;203,14;
18;30;12;4,04;107,63;
19;8;14;4,55;44,04;
20;24;12;8,45;180,09;
21;18;12;2,73;43,64;
22;8;25;5,35;164,78;
23;6;12;4,30;22,91;
24;35;8;1,29;17,83;
25;12;12;6,55;69,80;
26;32;12;2,20;62,52;
27;180;8;0,43;30,57;
28;60;12;2,33;124,14;
29;68;12;3,35;202,29;
30;121;20;4,55;1359,86;
31;113;12;1,83;183,63;
32;131;12;4,15;482,76;
33;24;12;2,40;51,15;
34;48;12;1,35;57,54;
35;60;12;8,00;426,24;
36;12;12;7,30;77,79;
37;60;10;1,40;51,83;
38;22;16;4,55;158,16;
39;36;12;1,49;47,63;
40;8;25;4,30;132,44;
41;15;14;4,60;83,49;
42;6;14;2,25;16,34;
43;17;14;5,65;116,22;
44;21;12;5,65;105,36;
201;8;20;1,50;29,64;
Plan:P5_15085-02_T_08_453_BW_U2_00_T1;;;;;
201;4;16;0,54;3,41;
1;8;14;4,55;44,04;
2;171;12;4,15;630,17;
3;146;20;4,55;1640,82;
4;90;12;2,33;186,21;
5;49;16;4,55;352,26;
6;72;12;9,45;604,20;
7;72;12;8,75;559,44;
8;5;12;2,00;8,88;
9;162;10;1,40;139,94;
10;135;12;1,83;219,38;
11;28;16;3,00;132,72;
12;48;8;1,25;23,70;
13;24;12;1,90;40,49;
14;4;14;3,50;16,94;
15;16;20;2,50;98,80;
16;7;12;5,50;34,19;
17;40;8;1,29;20,38;
18;40;10;0,40;9,87;
19;220;8;0,43;37,37;
20;8;12;2,40;17,05;
21;16;12;1,35;19,18;
22;72;12;2,50;159,84;
23;4;14;1,90;9,20;
4;30;12;2,33;62,07;
Plan:P5_15085-02_T_08_454_BW_U2_03;;;;;
201;18;12;0,60;9,59;
202;2;16;0,54;1,71;
203;22;12;0,55;10,74;
1;64;12;8,50;483,07;
2;72;12;7,50;479,52;
3;148;12;9,35;1228,81;
4;58;12;6,40;329,63;
5;18;12;4,35;69,53;
6;45;12;2,33;93,11;
7;5;14;5,40;32,67;
8;66;12;2,13;124,84;
9;146;20;4,75;1712,95;
10;81;20;4,90;980,34;
11;48;12;4,60;196,07;
12;164;12;5,65;822,82;
13;81;12;5,75;413,59;
14;4;14;5,80;28,07;
15;22;12;2,30;44,93;
16;10;8;0,39;1,54;
17;6;12;4,50;23,98;
18;6;12;5,20;27,71;
19;19;12;1,43;24,13;
20;24;12;2,50;53,28;
21;20;14;2,00;48,40;
22;245;12;1,80;391,61;
23;83;8;1,25;40,98;
24;20;14;2,60;62,92;
25;46;16;3,50;254,38;
26;38;16;5,00;300,20;
27;4;20;3,60;35,57;
28;12;20;4,00;118,56;
29;8;20;4,60;90,90;
30;8;20;4,75;93,86;
31;720;8;0,49;139,36;
32;28;12;2,48;61,66;
33;8;8;1,33;4,20;
34;10;12;2,40;21,31;
35;20;12;1,35;23,98;
36;34;12;3,32;100,24;
37;152;12;1,35;182,22;
38;8;14;2,15;20,81;
39;37;14;5,05;226,09;
40;21;12;5,05;94,17;
41;56;12;1,39;69,12;
42;71;12;2,02;127,36;
43;82;12;2,50;182,04;
44;4;14;1,75;8,47;
45;16;14;2,20;42,59;
46;8;12;1,74;12,36;
47;22;12;1,40;27,35;
48;26;8;0,77;7,91;
49;35;8;0,44;6,08;
50;30;10;1,45;26,84;
51;20;14;4,55;110,11;
52;16;12;4,55;64,65;
53;14;8;1,25;6,91;
54;8;10;2,67;13,18;
55;20;12;2,23;39,60;
56;7;12;3,65;22,69;
57;31;12;3,90;107,36;
58;25;20;4,30;265,53;
59;1;20;5,40;13,34;
60;4;20;6,50;64,22;
Plan:P5_15085-02_T_08_455_BW_U2_01;;;;;
201;35;12;0,70;21,76;
202;3;14;0,61;2,21;
2;37;12;6,90;226,71;
3;60;12;7,00;372,96;
6;8;16;3,20;40,45;
9;18;20;4,85;215,63;
10;37;12;0,90;29,57;
11;119;12;5,40;570,63;
12;119;20;5,40;1587,22;
13;15;12;2,25;29,97;
14;4;14;6,35;30,73;
15;140;8;0,49;27,10;
17;25;8;1,25;12,34;
18;260;8;0,54;55,46;
19;4;12;2,40;8,52;
20;8;12;1,35;9,59;
1;101;12;7,55;677,14;
4;28;12;6,40;159,13;
7;41;12;1,50;54,61;
8;48;12;4,65;198,20;
16;28;8;1,33;14,71;
21;6;12;3,90;20,78;
23;2;8;1,33;1,05;
5;16;14;2,50;48,40;
22;12;12;2,30;24,51;
Plan:P5_15085-02_T_08_456_BW_U2_00;;;;;
202;3;14;0,61;2,21;
203;13;16;0,97;19,92;
204;12;12;0,97;10,34;
201;64;12;0,60;34,10;
1;76;12;8,20;553,40;
2;76;12;6,50;438,67;
3;76;12;6,85;462,29;
4;16;12;5,50;78,14;
5;42;12;2,50;93,24;
6;137;20;4,85;1641,19;
7;90;12;4,70;375,62;
8;121;12;2,00;214,90;
9;31;14;2,30;86,27;
10;40;12;2,43;86,31;
11;17;12;2,20;33,21;
12;32;16;6,00;303,36;
13;73;8;1,25;36,04;
14;37;12;2,13;69,98;
15;440;8;0,49;85,16;
16;8;12;1,35;9,59;
17;8;12;2,40;17,05;
18;24;20;6,00;355,68;
19;39;12;4,50;155,84;
20;89;12;5,75;454,43;
21;2;16;4,00;12,64;
22;39;12;4,50;155,84;
110;VE;10;50,00;30,85;
Plan:P5_15085-02_T_08_457_BW_U2_01;;;;;
201;8;20;2,00;39,52;
202;26;16;1,50;61,62;
203;24;12;1,00;21,31;
1;80;12;6,50;461,76;
2;70;12;5,50;341,88;
3;98;12;4,15;361,15;
4;55;20;4,55;618,12;
5;65;12;1,83;105,63;
6;31;8;1,25;15,31;
7;22;8;1,29;11,21;
8;200;8;0,49;38,71;
9;13;12;1,90;21,93;
10;22;10;0,40;5,43;
11;4;16;5,50;34,76;
12;13;14;5,50;86,52;
13;6;14;4,15;30,13;
14;8;12;2,00;14,21;
201;8;20;2,00;39,52;
Plan:P5_15085-02_T_08_458_BW_U2_01;;;;;
1;32;12;6,90;196,07;
2;100;12;4,25;377,40;
3;34;12;7,40;223,42;
4;28;12;5,35;133,02;
5;28;12;5,35;133,02;
6;6;12;4,30;22,91;
7;36;12;1,43;45,71;
8;6;12;3,55;18,91;
9;6;12;1,90;10,12;
10;56;10;1,26;43,54;
11;38;12;2,02;68,16;
12;24;10;0,90;13,33;
13;38;10;1,16;27,20;
14;16;14;4,25;82,28;
15;8;14;2,20;21,30;
16;4;14;2,60;12,58;
17;6;14;2,60;18,88;
18;30;8;0,45;5,33;
19;34;12;3,95;119,26;
20;35;12;1,27;39,47;
21;16;12;3,65;51,86;
22;6;12;1,55;8,26;
23;24;16;4,00;151,68;
24;31;12;4,26;117,27;
25;15;12;3,30;43,96;
26;16;12;2,56;36,37;
27;15;12;3,36;44,76;
28;29;12;2,30;59,23;
29;8;20;7,40;146,22;
30;40;14;3,40;164,56;
31;43;10;1,20;31,84;
32;12;14;1,80;26,14;
33;52;14;1,40;88,09;
34;11;12;1,87;18,27;
35;60;8;0,42;9,95;
36;7;12;3,06;19,02;
37;19;12;1,32;22,27;
38;8;12;4,36;30,97;
39;20;14;8,35;202,07;
40;44;10;3,15;85,52;
41;44;10;2,75;74,66;
42;28;10;9,30;160,67;
43;78;10;1,25;60,16;
44;22;10;2,05;27,83;
45;14;16;4,25;94,01;
46;6;16;7,30;69,20;
47;32;8;0,47;5,94;
48;6;12;1,65;8,79;
49;6;14;2,95;21,42;
50;36;10;7,05;156,59;
51;26;10;8,40;134,75;
52;19;10;1,17;13,72;
53;82;10;4,25;215,02;
54;12;10;3,95;29,25;
55;2;16;4,94;15,61;
56;3;10;1,80;3,33;
57;3;16;3,37;15,97;
58;45;10;1,77;49,14;
59;6;12;1,52;8,10;
60;13;10;1,46;11,71;
61;6;20;8,35;123,75;
62;6;12;3,70;19,71;
63;18;12;5,20;83,12;
201;20;16;1,25;39,50;
202;10;16;2,65;41,87;
Plan:P5_15085-02_T_08_459_BW_U2_00;;;;;
1;74;10;4,50;205,46;
2;8;14;2,30;22,26;
3;9;20;6,80;151,16;
4;42;12;5,35;199,53;
5;20;10;8,70;107,36;
6;15;10;2,56;23,69;
7;17;10;3,16;33,15;
8;17;10;2,16;22,66;
9;12;14;5,50;79,86;
10;64;10;5,70;225,08;
11;4;10;2,15;5,31;
12;10;10;2,95;18,20;
13;18;12;3,45;55,14;
14;32;14;3,80;147,14;
15;44;12;1,85;72,28;
16;3;16;6,69;31,71;
17;12;12;2,60;27,71;
18;16;10;1,96;19,35;
19;5;12;2,02;8,97;
20;12;12;1,27;13,53;
21;22;12;3,60;70,33;
22;41;12;5,22;190,05;
23;24;10;5,40;79,96;
24;8;16;5,50;69,52;
25;30;10;1,77;32,76;
26;74;10;1,80;82,18;
27;6;10;3,95;14,62;
28;116;10;4,25;304,18;
29;39;8;0,47;7,24;
30;54;10;2,05;68,30;
31;16;10;1,20;11,85;
32;2;14;1,80;4,36;
33;16;14;1,40;27,10;
34;30;12;1,87;49,82;
35;40;8;0,42;6,64;
36;3;10;1,25;2,31;
37;40;12;1,32;46,89;
38;16;12;1,62;23,02;
201;12;16;3,60;68,26;
Plan:P5_15085-02_T_08_460_BW_U2_01;;;;;
201;8;16;2,00;25,28;
202;12;16;3,60;68,26;
1;68;12;4,35;262,67;
2;34;12;1,85;55,86;
3;58;12;4,25;218,89;
4;16;14;4,55;88,09;
5;30;12;2,02;53,81;
6;40;8;0,47;7,43;
7;8;12;1,27;9,02;
8;7;12;4,26;26,48;
9;84;10;4,25;220,27;
10;42;10;1,77;45,87;
11;16;14;3,80;73,57;
12;34;10;6,85;143,70;
13;34;10;8,40;176,22;
14;38;10;1,30;30,48;
15;14;14;1,40;23,72;
16;18;14;1,80;39,20;
17;12;10;1,27;9,40;
18;20;16;3,60;113,76;
19;20;10;2,80;34,55;
20;30;10;4,50;83,29;
21;19;12;1,32;22,27;
22;30;12;5,35;142,52;
23;4;14;5,50;26,62;
24;14;12;2,60;32,32;
25;4;14;2,40;11,62;
26;22;10;2,04;27,69;
27;30;10;1,35;24,99;
28;28;10;5,30;91,56;
29;35;8;3,65;50,46;
30;75;8;1,75;51,84;
31;18;10;1,72;19,10;
32;4;14;5,30;25,65;
33;14;8;1,52;8,41;
34;14;10;3,42;29,54;
35;8;14;1,90;18,39;
36;14;8;1,25;6,91;
37;40;8;1,70;26,86;
38;6;10;0,90;3,33;
Plan:P5_15085-02_T_08_461_BW_U2_01;;;;;
1;4;14;4,55;22,02;
2;114;12;4,30;435,30;
3;77;12;1,85;126,50;
4;56;12;10,45;519,66;
5;12;12;8,50;90,58;
6;57;12;2,02;102,24;
7;12;14;5,45;79,13;
8;16;14;2,85;55,18;
9;5;12;2,65;11,77;
10;14;12;3,50;43,51;
11;7;12;1,32;8,21;
12;7;12;2,82;17,53;
13;50;8;0,47;9,28;
14;6;10;0,99;3,66;
15;5;16;6,20;48,98;
16;14;14;4,30;72,84;
17;30;10;2,20;40,72;
18;18;10;2,34;25,99;
19;24;10;2,75;40,72;
20;8;12;3,08;21,88;
21;12;12;1,26;13,43;
22;8;14;1,40;13,55;
23;3;10;1,30;2,41;
24;8;12;3,95;28,06;
25;14;12;1,88;23,37;
26;10;8;0,42;1,66;
27;86;12;2,75;210,01;
28;4;12;2,00;7,10;
29;18;10;4,30;47,76;
30;18;10;5,35;59,42;
31;7;10;1,93;8,34;
Plan:P5_15085-02_T_08_462_BW_U2_00;;;;;
1;18;14;4,55;99,10;
2;162;10;4,30;429,80;
3;98;10;1,70;102,79;
4;58;10;4,15;148,51;
5;17;10;1,30;13,64;
6;8;14;4,30;41,62;
7;34;10;3,15;66,08;
8;17;10;2,90;30,42;
9;66;10;5,75;234,15;
10;94;10;1,78;103,24;
11;25;10;1,27;19,59;
12;4;12;3,60;12,79;
13;8;10;3,08;15,20;
14;4;14;3,00;14,52;
15;8;12;8,35;59,32;
16;5;12;2,20;9,77;
17;4;16;3,70;23,38;
18;6;10;1,75;6,48;
19;24;12;2,28;48,59;
20;50;10;2,10;64,79;
21;4;14;1,55;7,50;
22;8;14;2,00;19,36;
23;6;10;1,30;4,81;
24;21;10;1,52;19,69;
25;50;8;0,42;8,30;
26;56;10;2,25;77,74;
27;4;20;8,35;82,50;
28;5;10;0,94;2,90;
29;8;12;1,28;9,09;
201;10;20;2,70;66,69;
202;10;16;1,75;27,65;
Plan:P5_15085-02_T_08_463_BW_U2_00_T1;;;;;
2;46;12;5,00;204,24;
3;76;10;3,40;159,43;
4;216;10;1,75;233,23;
6;246;12;5,70;1245,15;
7;90;12;2,35;187,81;
8;35;12;2,93;91,06;
9;6;12;4,33;23,07;
10;72;10;2,30;102,18;
11;20;10;4,60;56,76;
12;56;10;8,25;285,05;
13;8;16;2,50;31,60;
14;26;10;2,20;35,29;
15;42;10;8,75;226,75;
17;4;16;2,50;15,80;
18;4;20;7,50;74,10;
19;8;20;4,00;79,04;
20;13;10;1,18;9,46;
21;37;10;9,75;222,58;
22;72;10;0,93;41,31;
23;105;8;0,47;19,49;
16;34;10;1,50;31,47;
24;36;12;1,50;47,95;
5;58;14;5,70;400,03;
25;6;16;5,70;54,04;
1;12;14;6,00;87,12;
26;4;16;6,25;39,50;
12;70;10;8,25;356,32;
Plan:P5_15085-02_T_08_464_BW_U2_01;;;;;
201;3;14;0,51;1,85;
1;38;14;5,80;266,68;
2;4;14;4,70;22,75;
3;86;12;5,50;420,02;
4;18;12;4,55;72,73;
5;46;12;2,95;120,50;
6;14;12;2,35;29,22;
7;6;12;3,35;17,85;
8;8;14;2,00;19,36;
9;10;12;1,87;16,61;
10;56;12;1,27;63,15;
11;30;10;9,50;175,84;
12;74;10;5,00;228,29;
13;8;10;4,50;22,21;
14;34;10;2,75;57,69;
15;12;16;3,70;70,15;
16;8;16;2,50;31,60;
17;4;16;3,00;18,96;
18;42;10;1,70;44,05;
19;46;10;1,20;34,06;
20;20;10;2,54;31,34;
21;22;10;1,76;23,89;
22;46;10;1,77;50,24;
23;90;8;0,42;14,93;
24;40;10;3,40;83,91;
25;96;8;3,40;128,93;
26;96;10;4,65;275,43;
Plan:P5_15085-02_T_08_465_BW_U2_00;;;;;
1;20;12;11,45;203,35;
2;46;10;11,45;324,97;
3;14;10;3,70;31,96;
4;18;10;6,85;76,08;
5;20;14;4,75;114,95;
6;182;12;4,55;735,35;
7;12;12;2,70;28,77;
8;26;12;2,12;48,95;
9;28;12;1,70;42,27;
10;88;12;1,85;144,57;
11;41;12;1,85;67,35;
12;28;10;1,35;23,32;
13;15;12;1,32;17,58;
14;28;14;1,40;47,43;
15;18;14;2,00;43,56;
16;5;12;2,09;9,28;
17;55;8;0,47;10,21;
18;144;10;4,55;404,26;
19;4;25;6,65;102,41;
20;10;10;4,17;25,73;
21;4;10;0,88;2,17;
22;3;10;3,27;6,05;
23;103;10;1,77;112,49;
24;20;10;2,66;32,82;
25;53;10;1,80;58,86;
26;72;10;13,15;584,18;
27;32;10;3,30;65,16;
28;38;10;1,30;30,48;
29;4;16;3,40;21,49;
30;2;10;1,40;1,73;
31;10;12;4,00;35,52;
32;12;10;0,82;6,07;
33;6;10;1,30;4,81;
34;70;8;0,42;11,61;
35;4;16;2,50;15,80;
36;20;14;5,00;121,00;
37;4;20;3,80;37,54;
38;4;20;3,80;37,54;
Plan:P5_15085-02_T_08_466_BW_U2_00;;;;;
1;272;12;4,65;1123,14;
2;58;10;1,80;64,41;
3;17;10;2,16;22,66;
4;63;10;1,30;50,53;
5;34;10;4,15;87,06;
6;34;10;4,40;92,30;
7;132;10;11,40;928,46;
8;16;16;3,00;75,84;
9;6;12;1,26;6,71;
10;76;12;1,77;119,45;
11;6;12;3,77;20,09;
12;9;12;5,07;40,52;
13;12;14;2,40;34,85;
14;12;12;1,70;18,12;
15;12;12;1,35;14,39;
16;4;16;11,40;72,05;
17;55;8;0,42;9,12;
18;50;10;1,85;57,07;
19;4;10;1,35;3,33;
20;4;12;1,32;4,69;
21;78;12;1,82;126,06;
22;55;8;0,47;10,21;
23;12;12;1,95;20,78;
Plan:P5_15085-02_T_08_467_BW_U2_01;;;;;
1;50;14;4,90;296,45;
2;16;14;4,40;85,18;
3;12;14;5,80;84,22;
4;150;10;4,65;430,36;
5;8;16;3,50;44,24;
6;36;16;2,50;142,20;
7;34;10;2,40;50,35;
8;118;10;7,00;509,64;
9;30;12;7,00;186,48;
10;30;12;7,65;203,80;
11;10;12;4,10;36,41;
12;17;10;2,30;24,12;
13;93;10;1,80;103,29;
14;33;10;1,20;24,43;
15;22;10;2,20;29,86;
16;22;10;2,90;39,36;
17;92;10;1,77;100,47;
18;7;10;4,97;21,47;
19;7;8;1,00;2,77;
20;4;14;7,00;33,88;
21;19;10;1,24;14,54;
22;3;10;3,86;7,14;
23;2;10;4,80;5,92;
24;6;10;2,16;8,00;
25;6;10;2,24;8,29;
26;135;8;0,42;22,40;
27;70;12;4,70;292,15;
28;66;12;2,55;149,45;
29;18;12;5,20;83,12;
30;17;12;3,95;59,63;
31;13;12;2,00;23,09;
32;29;12;1,90;48,93;
33;30;12;2,50;66,60;
34;69;12;1,36;83,33;
35;15;12;3,20;42,62;
36;18;12;9,75;155,84;
37;66;12;1,97;115,46;
38;6;14;5,57;40,44;
39;4;10;1,00;2,47;
40;5;12;1,90;8,44;
41;72;10;5,55;246,55;
42;20;14;2,00;48,40;
43;15;12;1,37;18,25;
44;12;10;1,17;8,66;
45;12;8;4,85;22,99;
46;32;8;2,20;27,81;
47;4;14;2,20;10,65;
48;32;8;1,36;17,19;
49;14;8;2,60;14,38;
50;7;8;1,07;2,96;
51;4;10;2,85;7,03;
52;6;16;2,50;23,70;
53;4;20;3,00;29,64;
54;4;8;0,92;1,45;
Plan:P5_15085-02_T_08_468_BW_U2_01;;;;;
201;4;16;2,00;12,64;
202;164;12;0,80;116,51;
1;28;16;5,80;256,59;
2;22;14;4,85;129,11;
3;12;14;5,80;84,22;
4;6;14;2,00;14,52;
5;148;12;4,70;617,69;
6;94;12;5,50;459,10;
7;36;10;3,75;83,30;
8;38;12;11,20;377,93;
9;26;12;3,65;84,27;
10;74;10;7,00;319,61;
11;16;8;0,60;3,79;
12;28;12;4,87;121,09;
13;10;12;3,57;31,70;
14;130;12;1,97;227,42;
15;4;16;7,00;44,24;
16;4;16;3,50;22,12;
17;36;10;1,20;26,65;
18;18;10;2,96;32,87;
19;18;10;2,06;22,88;
20;64;10;2,20;86,87;
21;34;10;1,80;37,76;
22;6;12;2,25;11,99;
23;125;8;0,42;20,74;
24;114;10;3,45;242,67;
25;22;12;3,45;67,40;
Plan:P5_15085-02_T_08_469_BW_U2_00;;;;;
1;22;14;5,80;154,40;
2;28;12;4,65;115,62;
3;50;12;5,55;246,42;
4;10;12;3,35;29,75;
5;36;10;2,05;45,53;
6;36;10;3,50;77,74;
7;38;10;7,20;168,81;
8;4;16;2,50;15,80;
9;185;10;1,70;194,05;
10;36;10;2,00;44,42;
11;9;12;1,97;15,74;
12;12;12;1,37;14,60;
13;4;14;7,20;34,85;
14;8;14;2,00;19,36;
15;90;8;0,42;14,93;
16;6;14;4,80;34,85;
17;76;10;5,50;257,91;
18;4;10;2,50;6,17;
19;8;10;3,30;16,29;
20;6;10;1,17;4,33;
21;18;10;1,36;15,10;
22;60;10;1,75;64,79;
23;74;10;3,80;173,50;
24;79;10;4,10;199,85;
25;4;16;2,00;12,64;
26;18;10;1,20;13,33;
27;42;10;1,77;45,87;
28;84;10;4,55;235,82;
29;74;10;4,10;187,20;
Plan:P5_15085-02_T_08_470_BW_U2_01;;;;;
1;64;14;5,80;449,15;
2;4;14;4,80;23,23;
3;72;10;4,60;204,35;
4;258;10;5,50;875,52;
5;60;14;2,00;145,20;
6;84;10;3,40;176,22;
7;64;12;8,50;483,07;
8;42;10;9,50;246,18;
9;32;10;8,80;173,75;
10;74;10;5,90;269,38;
11;76;10;2,70;126,61;
12;84;10;2,00;103,66;
14;21;10;1,80;23,32;
15;42;10;1,77;45,87;
16;8;20;4,50;88,92;
17;4;25;8,00;123,20;
18;42;10;0,88;22,80;
19;51;12;3,07;139,03;
20;46;12;2,25;91,91;
21;3;14;2,50;9,07;
22;4;10;1,36;3,36;
23;94;10;1,20;69,60;
24;30;10;1,17;21,66;
25;10;20;6,00;148,20;
26;175;8;0,42;29,03;
27;19;12;10,80;182,22;
28;19;12;8,40;141,72;
29;19;12;2,15;36,27;
30;25;12;1,50;33,30;
31;16;14;3,00;58,08;
32;4;16;4,50;28,44;
33;12;16;2,35;44,56;
34;40;10;1,60;39,49;
35;20;10;2,80;34,55;
37;50;10;4,40;135,74;
38;56;10;2,37;81,89;
39;27;10;4,27;71,13;
40;19;10;1,43;16,76;
41;18;10;1,64;18,21;
42;19;10;0,85;9,96;
43;37;10;0,88;20,09;
201;70;12;0,80;49,73;
202;81;12;0,53;38,12;
13;53;10;1,70;55,59;
36;48;12;2,30;98,04;
44;38;12;2,40;80,99;
Plan:P5_15085-02_T_08_471_BW_U2_01;;;;;
1;172;10;4,55;482,86;
2;262;10;6,40;1034,59;
3;86;10;1,78;94,45;
4;86;12;4,55;347,47;
5;36;10;1,70;37,76;
6;43;12;1,98;75,60;
7;4;10;1,18;2,91;
8;6;10;1,20;4,44;
9;8;14;1,75;16,94;
10;90;8;0,42;14,93;
11;2;10;4,20;5,18;
201;204;12;1,10;199,27;
Plan:RNDlistopenDWGs;;;;;
1;276;10;5,75;979,18;
2;60;10;1,70;62,93;
3;224;10;1,64;226,66;
4;171;10;5,00;527,54;
5;64;8;2,03;51,32;
6;4;16;6,00;37,92;
7;4;16;9,90;62,57;
8;2;16;7,45;23,54;
9;2;16;8,45;26,70;
10;30;10;0,94;17,40;
11;15;12;4,11;54,75;
12;5;12;4,14;18,38;
13;114;10;7,20;506,43;
14;40;12;1,20;42,62;
15;40;10;1,19;29,37;
16;4;16;6,75;42,66;
17;4;14;2,59;12,54;
1;276;10;5,75;979,18;
2;60;10;1,70;62,93;
3;224;10;1,64;226,66;
4;171;10;5,00;527,54;
5;64;8;2,03;51,32;
6;4;16;6,00;37,92;
7;4;16;9,90;62,57;
8;2;16;7,45;23,54;
9;2;16;8,45;26,70;
10;30;10;0,94;17,40;
11;15;12;4,11;54,75;
12;5;12;4,14;18,38;
13;114;10;7,20;506,43;
14;40;12;1,20;42,62;
15;40;10;1,19;29,37;
16;4;16;6,75;42,66;
17;4;14;2,59;12,54;
RND_03_Decke 2;;;;;
Plan:P5_15085-02_T_08_480_BW_U2_00;;;;;
Plan:P5_15085-02_T_08_481_BW_U2_01;;;;;
1;183;12;13,10;2128,80;
4;46;12;5,00;204,24;
5;39;12;5,75;199,13;
6;32;12;3,20;90,93;
8;84;14;7,95;808,04;
10;229;12;8,40;1708,16;
11;94;12;4,50;375,62;
12;92;12;7,60;620,89;
13;243;12;11,50;2481,52;
14;103;12;3,80;347,56;
15;80;14;8,40;813,12;
16;26;20;3,75;240,83;
17;78;12;2,47;171,08;
18;446;12;2,44;966,36;
19;17;12;2,02;30,49;
20;20;12;3,49;61,98;
21;4;16;11,15;70,47;
22;4;16;5,30;33,50;
23;2;16;7,15;22,59;
24;4;16;2,00;12,64;
25;5;20;5,70;70,40;
26;2;16;10,85;34,29;
27;2;16;3,65;11,53;
28;5;20;4,40;54,34;
29;4;16;4,85;30,65;
30;30;12;4,03;107,36;
32;16;12;2,94;41,77;
33;8;14;3,15;30,49;
36;2;14;7,95;19,24;
40;18;12;8,75;139,86;
41;4;16;9,25;58,46;
44;68;12;3,60;217,38;
51;4;14;1,85;8,95;
52;115;16;4,00;726,80;
53;84;12;7,00;522,14;
54;5;12;12,40;55,06;
55;331;12;1,96;576,10;
56;4;16;13,60;85,95;
57;17;12;1,67;25,21;
58;212;10;0,57;74,56;
59;50;14;0,57;34,49;
112;VE;12;400,00;355,20;
2;87;12;8,20;633,50;
3;5;12;9,90;43,96;
31;492;12;1,10;480,59;
45;8;16;3,70;46,77;
42;101;8;1,29;51,46;
47;8;14;2,15;20,81;
62;2;14;7,55;18,27;
63;2;14;3,40;8,23;
7;72;12;2,90;185,41;
35;19;8;1,25;9,38;
48;24;12;2,40;51,15;
49;48;12;1,35;57,54;
60;80;12;3,25;230,88;
61;16;12;7,30;103,72;
9;70;12;7,45;463,09;
34;52;12;1,29;59,57;
37;46;12;2,02;82,51;
38;109;12;1,62;156,80;
39;48;12;1,99;84,82;
43;28;12;1,65;41,03;
46;11;12;3,00;29,30;
50;28;12;1,35;33,57;
64;9;12;2,19;17,50;
65;24;12;1,52;32,39;
66;13;12;1,49;17,20;
67;11;12;2,90;28,33;
Plan:P5_15085-02_T_08_482_BW_U2_00;;;;;
1;174;14;3,30;694,78;
2;6;14;2,00;14,52;
3;6;14;2,18;15,83;
4;9;20;11,45;254,53;
5;4;12;9,90;35,16;
6;4;12;3,45;12,25;
7;4;12;4,50;15,98;
8;10;12;1,79;15,90;
9;92;12;2,40;196,07;
10;9;28;8,85;384,71;
11;3;20;3,68;27,27;
12;12;14;9,90;143,75;
13;7;20;10,85;187,60;
14;64;16;1,60;161,79;
15;24;8;1,76;16,68;
16;18;12;1,60;25,57;
17;7;20;12,00;207,48;
Plan:P5_15085-02_T_08_483_BW_U2_00;;;;;
1;146;10;11,00;990,90;
2;134;10;6,75;558,08;
3;30;10;8,40;155,48;
4;44;10;12,35;335,28;
5;96;10;10,50;621,94;
6;66;16;4,00;417,12;
7;22;20;5,00;271,70;
8;89;10;6,10;334,97;
9;89;10;5,80;318,50;
10;14;16;9,75;215,67;
11;69;16;4,75;517,85;
12;14;16;2,25;49,77;
13;25;16;8,45;333,78;
14;13;10;4,50;36,09;
15;24;16;11,15;422,81;
16;9;8;1,76;6,26;
17;18;16;1,90;54,04;
18;13;16;3,20;65,73;
19;4;20;5,85;57,80;
20;248;10;1,72;263,19;
21;14;10;2,22;19,18;
22;14;10;1,20;10,37;
23;36;12;1,70;54,35;
24;6;20;4,52;66,99;
25;6;16;4,52;42,85;
26;3;20;4,50;33,35;
27;3;16;4,50;21,33;
28;8;12;1,80;12,79;
29;10;10;7,00;43,19;
30;8;10;3,80;18,76;
31;10;10;9,80;60,47;
32;8;10;4,20;20,73;
33;4;16;2,30;14,54;
34;8;16;13,50;170,64;
35;4;12;2,29;8,13;
36;4;8;1,25;1,98;
37;8;12;0,75;5,33;
38;2;12;2,40;4,26;
39;4;12;1,35;4,80;
40;4;12;3,00;10,66;
41;3;14;2,90;10,53;
Plan:P5_15085-02_T_08_484_BW_U2_00;;;;;
1;185;14;4,00;895,40;
2;192;10;10,50;1243,87;
3;72;10;5,50;244,33;
4;24;10;4,10;60,71;
5;8;10;1,15;5,68;
6;16;10;1,19;11,75;
7;4;12;1,55;5,51;
8;44;10;9,20;249,76;
9;9;10;0,92;5,11;
10;2;12;2,10;3,73;
11;13;10;1,92;15,40;
12;8;10;2,74;13,52;
13;185;10;6,10;696,28;
14;48;10;9,35;276,91;
15;10;10;6,85;42,26;
16;90;10;4,45;247,11;
17;17;10;13,50;141,60;
18;4;28;11,25;217,35;
19;20;14;3,00;72,60;
20;13;16;3,20;65,73;
21;4;20;5,05;49,89;
112;VE;12;50,00;44,40;
22;14;10;1,20;10,37;
Plan:P5_15085-02_T_08_485_BW_U2_02;;;;;
1;528;10;1,74;566,85;
2;22;10;2,64;35,84;
3;541;10;1,72;574,13;
4;26;10;2,22;35,61;
5;20;10;1,20;14,81;
6;368;10;10,80;2452,20;
7;59;10;7,50;273,02;
8;133;10;5,95;488,26;
9;14;16;3,95;87,37;
10;90;10;1,97;109,39;
11;179;12;2,17;344,93;
12;19;10;6,90;80,89;
13;19;10;3,15;36,93;
14;142;10;6,45;565,11;
15;60;10;11,20;414,62;
16;22;10;10,00;135,74;
17;35;10;1,90;41,03;
18;26;10;7,25;116,30;
19;45;10;3,45;95,79;
20;34;10;5,60;117,48;
21;383;10;0,85;200,86;
22;71;10;1,95;85,42;
23;44;12;1,65;64,47;
24;43;10;8,65;229,49;
25;82;10;2,20;111,31;
26;22;10;10,40;141,17;
27;34;10;5,00;104,89;
28;31;12;2,22;61,11;
29;8;12;3,05;21,67;
30;26;12;2,40;55,41;
31;4;12;3,00;10,66;
32;4;12;3,50;12,43;
33;3;20;14,71;109,00;
34;2;20;14,70;72,62;
35;102;12;3,25;294,37;
36;264;10;2,73;444,68;
37;42;12;2,97;110,77;
38;10;16;6,61;104,44;
39;10;16;6,60;104,28;
40;7;10;1,40;6,05;
41;4;16;5,20;32,86;
42;2;20;6,86;33,89;
43;2;20;6,85;33,84;
44;59;10;1,55;56,42;
45;28;12;1,75;43,51;
46;6;12;1,30;6,93;
47;8;14;2,57;24,88;
48;4;20;3,76;37,15;
49;4;20;3,75;37,05;
50;41;12;4,32;157,28;
51;5;20;7,50;92,63;
52;8;16;3,00;37,92;
53;6;14;3,72;27,01;
54;5;20;5,00;61,75;
55;2;16;2,19;6,92;
56;22;10;3,57;48,46;
57;6;8;0,92;2,18;
58;8;10;1,62;8,00;
59;4;10;1,28;3,16;
60;20;14;2,00;48,40;
61;2;10;1,56;1,93;
62;3;10;1,02;1,89;
63;4;12;4,00;14,21;
64;22;16;2,50;86,90;
65;12;8;0,82;3,89;
66;12;8;1,30;6,16;
67;10;8;1,30;5,14;
68;12;8;0,96;4,55;
69;2;16;4,20;13,27;
70;3;16;4,44;21,05;
71;5;14;3,19;19,30;
72;2;16;4,26;13,46;
73;2;16;4,25;13,43;
74;4;14;4,00;19,36;
75;10;20;3,80;93,86;
76;7;12;3,32;20,64;
77;16;10;1,77;17,47;
78;34;10;3,48;73,00;
79;34;10;2,26;47,41;
80;5;10;7,10;21,90;
81;5;10;3,80;11,72;
112;VE;12;895,00;794,76;
Plan:P5_15085-02_T_08_486_BW_U2_01;;;;;
1;187;10;10,80;1246,09;
2;59;10;7,50;273,02;
3;241;10;10,55;1568,75;
4;110;10;6,00;407,22;
5;32;10;6,45;127,35;
6;64;10;6,80;268,52;
7;43;10;7,75;205,62;
8;97;10;2,00;119,70;
9;22;10;4,15;56,33;
10;7;10;2,40;10,37;
11;65;10;5,90;236,62;
12;29;10;7,10;127,04;
13;88;10;1,80;97,73;
14;26;10;3,45;55,34;
15;34;10;6,25;131,11;
16;44;10;10,60;287,77;
17;21;10;2,15;27,86;
18;10;10;3,65;22,52;
19;34;10;5,20;109,09;
20;20;10;1,20;14,81;
21;31;12;2,00;55,06;
22;62;14;3,00;225,06;
23;56;10;2,00;69,10;
24;112;10;1,40;96,75;
25;13;8;1,10;5,65;
26;2;8;2,78;2,20;
27;4;8;1,64;2,59;
28;8;16;3,85;48,66;
29;12;12;1,40;14,92;
30;10;10;1,42;8,76;
31;56;12;1,68;83,54;
32;5;10;3,80;11,72;
Plan:P5_15085-02_T_08_491_BW_U2_00;;;;;
201;12;14;1,20;17,42;
1;14;12;3,50;43,51;
2;14;10;3,50;30,23;
3;104;8;2,05;84,21;
4;28;10;2,00;34,55;
5;56;10;1,30;44,92;
6;6;16;3,40;32,23;
7;35;10;1,24;26,78;
8;11;12;3,40;33,21;
9;11;10;3,40;23,08;
10;70;10;2,15;92,86;
11;32;10;1,00;19,74;
12;6;12;1,40;7,46;
13;14;12;4,40;54,70;
14;14;10;4,40;38,01;
15;22;8;0,81;7,04;
Plan:P5_15085-02_T_08_492_BW_U2_00;;;;;
201;12;14;1,20;17,42;
1;14;12;4,75;59,05;
2;14;10;4,75;41,03;
3;104;8;2,05;84,21;
4;14;10;2,00;17,28;
5;56;10;1,30;44,92;
6;6;16;3,45;32,71;
7;35;10;1,24;26,78;
8;12;12;3,45;36,76;
9;12;10;3,45;25,54;
10;70;10;2,18;94,15;
11;32;10;1,00;19,74;
12;6;12;1,40;7,46;
13;14;12;3,10;38,54;
14;14;10;3,10;26,78;
15;24;8;0,81;7,68;
16;14;12;2,00;24,86;
Plan:RNDlistopenDWGs;;;;;
1;276;10;5,75;979,18;
2;60;10;1,70;62,93;
3;224;10;1,64;226,66;
4;171;10;5,00;527,54;
5;64;8;2,03;51,32;
6;4;16;6,00;37,92;
7;4;16;9,90;62,57;
8;2;16;7,45;23,54;
9;2;16;8,45;26,70;
10;30;10;0,94;17,40;
11;15;12;4,11;54,75;
12;5;12;4,14;18,38;
13;114;10;7,20;506,43;
14;40;12;1,20;42,62;
15;40;10;1,19;29,37;
16;4;16;6,75;42,66;
17;4;14;2,59;12,54;
1;276;10;5,75;979,18;
2;60;10;1,70;62,93;
3;224;10;1,64;226,66;
4;171;10;5,00;527,54;
5;64;8;2,03;51,32;
6;4;16;6,00;37,92;
7;4;16;9,90;62,57;
8;2;16;7,45;23,54;
9;2;16;8,45;26,70;
10;30;10;0,94;17,40;
11;15;12;4,11;54,75;
12;5;12;4,14;18,38;
13;114;10;7,20;506,43;
14;40;12;1,20;42,62;
15;40;10;1,19;29,37;
16;4;16;6,75;42,66;
17;4;14;2,59;12,54;
RND_04_WÑnde 1;;;;;
Plan:P5_15085-02_T_08_500_BW_U1_00;;;;;
Plan:P5_15085-02_T_08_501_BW_U1_00;;;;;
1;192;8;1,14;86,46;
2;96;16;4,40;667,39;
3;348;8;1,96;269,42;
Plan:P5_15085-02_T_08_502_BW_U1_01;;;;;
1;56;10;1,36;46,99;
2;24;28;4,80;556,42;
3;223;8;2,05;180,57;
4;80;10;0,78;38,50;
5;140;10;1,00;86,38;
6;12;20;9,00;266,76;
7;14;10;1,76;15,20;
8;223;10;4,02;553,12;
9;22;10;5,90;80,09;
10;66;10;7,20;293,20;
11;22;10;5,95;80,77;
12;88;10;1,20;65,16;
13;8;14;4,35;42,11;
14;27;10;1,73;28,82;
15;4;20;6,40;63,23;
16;4;14;7,00;33,88;
17;12;14;8,25;119,79;
18;4;14;6,35;30,73;
19;4;20;7,75;76,57;
Plan:P5_15085-02_T_08_503_BW_U1_02;;;;;
201;3;14;0,61;2,21;
1;21;8;1,28;10,62;
2;22;16;4,35;151,21;
3;69;8;2,05;55,87;
4;16;10;3,16;31,20;
5;18;12;2,85;45,55;
6;53;10;4,02;131,46;
7;17;10;2,26;23,71;
8;92;10;4,20;238,41;
9;8;14;4,35;42,11;
10;74;10;4,65;212,31;
11;42;8;2,15;35,67;
12;16;10;0,78;7,70;
13;28;10;1,00;17,28;
14;24;10;11,70;173,25;
15;24;10;2,15;31,84;
16;81;10;1,75;87,46;
17;50;10;1,25;38,56;
18;2;14;4,80;11,62;
19;2;14;6,55;15,85;
20;2;14;2,00;4,84;
21;8;16;3,80;48,03;
22;4;20;5,00;49,40;
23;4;20;6,75;66,69;
24;4;20;3,50;34,58;
25;50;8;0,47;9,28;
26;8;10;3,50;17,28;
112;VE;12;5,00;4,44;
Plan:P5_15085-02_T_08_504_BW_U1_01;;;;;
1;28;10;1,36;23,50;
2;12;28;4,70;272,41;
3;21;8;1,28;10,62;
4;4;16;4,25;26,86;
6;56;10;0,78;26,95;
7;98;10;1,00;60,47;
8;112;10;4,40;304,06;
9;46;10;5,10;144,75;
10;36;10;3,40;75,52;
11;74;10;5,85;267,10;
12;74;10;5,95;271,67;
13;20;14;4,45;107,69;
14;4;14;5,20;25,17;
16;66;10;7,20;293,20;
17;110;10;1,20;81,44;
18;8;16;8,75;110,60;
19;4;16;9,65;60,99;
20;4;16;4,40;27,81;
21;8;20;9,00;177,84;
22;4;20;10,05;99,29;
23;4;20;4,55;44,95;
24;50;8;0,47;9,28;
5;292;10;1,85;333,30;
15;168;10;4,02;416,70;
Plan:P5_15085-02_T_08_505_BW_U1_02;;;;;
1;48;8;1,67;31,66;
3;45;10;1,19;33,04;
5;47;12;2,63;109,77;
7;4;16;2,00;12,64;
8;8;10;2,60;12,83;
9;16;10;1,00;9,87;
10;10;10;1,78;10,98;
11;10;10;1,28;7,90;
12;3;10;1,73;3,20;
13;10;10;6,75;41,65;
14;10;10;4,65;28,69;
15;10;10;7,20;44,42;
16;58;8;1,90;43,53;
17;10;8;2,06;8,14;
18;12;12;4,30;45,82;
19;8;16;4,50;56,88;
20;8;10;0,83;4,10;
21;14;10;1,00;8,64;
22;33;10;1,61;32,78;
23;2;16;3,17;10,02;
110;VE;10;90,00;55,53;
2;70;10;1,24;53,56;
4;70;12;2,69;167,21;
24;5;10;2,28;7,03;
25;7;10;2,24;9,67;
26;7;12;3,69;22,94;
6;14;10;2,36;20,39;
Plan:P5_15085-02_T_08_506_BW_U1_02;;;;;
201;6;14;0,51;3,70;
1;18;14;4,65;101,28;
2;104;10;4,35;279,13;
3;56;10;7,70;266,05;
4;31;10;1,70;32,52;
5;60;8;0,42;9,95;
6;38;10;5,55;130,13;
7;10;10;7,90;48,74;
8;10;10;3,95;24,37;
9;10;10;2,50;15,43;
10;66;8;4,20;109,49;
11;18;8;2,50;17,78;
12;12;20;5,25;155,61;
13;10;16;2,80;44,24;
14;51;10;1,20;37,76;
15;19;10;2,80;32,82;
16;18;8;1,78;12,66;
17;14;8;4,08;22,56;
18;2;16;5,75;18,17;
19;6;10;2,50;9,25;
20;2;16;4,00;12,64;
21;11;12;2,22;21,68;
22;2;14;3,65;8,83;
23;12;8;3,40;16,12;
24;8;12;3,50;24,86;
25;40;8;1,90;30,02;
26;4;16;2,40;15,17;
27;9;8;3,08;10,95;
28;6;8;2,28;5,40;
Plan:P5_15085-02_T_08_507_BW_U1_00;;;;;
2;106;10;4,35;284,50;
3;18;10;8,10;89,96;
4;83;10;1,70;87,06;
5;55;8;0,42;9,12;
6;28;12;4,35;108,16;
7;10;20;5,00;123,50;
9;36;10;2,30;51,09;
10;18;10;11,75;130,50;
11;18;10;2,00;22,21;
12;45;10;1,20;33,32;
13;6;16;3,00;28,44;
14;4;16;2,25;14,22;
15;12;12;2,18;23,23;
16;3;8;1,08;1,28;
17;10;12;2,00;17,76;
18;56;8;4,20;92,90;
19;56;10;4,10;141,66;
1;16;14;4,65;90,02;
8;8;16;4,80;60,67;
Plan:P5_15085-02_T_08_508_BW_U1_01;;;;;
1;8;16;5,00;63,20;
2;170;10;4,20;440,54;
3;92;10;4,10;232,73;
4;111;10;1,70;116,43;
5;45;8;0,42;7,47;
6;4;16;4,00;25,28;
7;22;10;3,00;40,72;
8;44;8;1,60;27,81;
9;44;8;2,85;49,53;
10;2;20;4,00;19,76;
11;6;12;1,50;7,99;
Plan:P5_15085-02_T_08_509_BW_U1_01;;;;;
1;90;14;4,65;506,39;
2;364;8;4,20;603,88;
3;19;10;1,36;15,94;
4;46;10;1,70;48,25;
5;120;8;0,42;19,91;
6;76;10;3,70;173,50;
7;18;10;8,00;88,85;
8;56;10;12,00;414,62;
9;38;10;4,50;105,51;
10;18;10;9,60;106,62;
11;82;10;1,20;60,71;
12;19;10;1,66;19,46;
13;18;10;2,00;22,21;
14;14;8;3,25;17,97;
15;68;8;1,98;53,18;
16;4;16;2,25;14,22;
17;12;16;4,00;75,84;
18;4;16;2,50;15,80;
19;30;14;2,00;72,60;
20;44;8;5,55;96,46;
21;97;8;1,70;65,14;
22;12;8;1,08;5,12;
23;6;12;1,70;9,06;
24;4;16;1,75;11,06;
25;4;16;2,35;14,85;
26;9;8;4,05;14,40;
27;14;8;1,65;9,12;
28;9;8;2,10;7,47;
29;20;8;1,94;15,33;
30;10;12;4,35;38,63;
31;26;12;2,18;50,33;
32;16;8;0,88;5,56;
33;20;8;0,85;6,72;
34;18;8;1,64;11,66;
35;20;8;1,43;11,30;
36;8;8;1,00;3,16;
Plan:P5_15085-02_T_08_510_BW_U1_00;;;;;
1;12;14;4,65;67,52;
2;54;10;4,25;141,60;
3;44;10;4,10;111,31;
4;81;10;1,70;84,96;
5;42;8;0,42;6,97;
6;86;8;4,20;142,67;
7;44;8;1,95;33,89;
8;38;10;4,50;105,51;
9;18;10;5,55;61,64;
10;19;10;1,20;14,07;
11;18;10;1,36;15,10;
12;8;16;2,00;25,28;
13;6;8;2,58;6,11;
14;6;8;1,96;4,65;
Plan:P5_15085-02_T_08_511_BW_U1_02;;;;;
201;3;14;0,51;1,85;
1;8;14;4,65;45,01;
2;66;8;4,20;109,49;
3;18;8;2,50;17,78;
4;55;10;1,70;57,69;
5;65;8;0,42;10,78;
6;36;10;5,25;116,61;
7;66;10;7,70;313,56;
8;10;10;3,75;23,14;
9;10;10;2,45;15,12;
10;26;10;1,20;19,25;
11;18;8;2,80;19,91;
12;8;16;2,50;31,60;
13;8;12;3,00;21,31;
14;27;8;1,88;20,05;
15;7;8;1,18;3,26;
16;104;10;4,35;279,13;
17;8;8;2,36;7,46;
18;6;8;0,98;2,32;
19;6;14;2,98;21,63;
20;4;14;3,70;17,91;
21;22;8;3,35;29,11;
22;42;8;1,90;31,52;
23;16;12;3,45;49,02;
24;7;8;2,78;7,69;
25;8;12;1,50;10,66;
26;4;20;3,95;39,03;
27;5;12;1,90;8,44;
28;2;12;3,25;5,77;
30;23;10;2,12;30,08;
31;14;20;5,00;172,90;
32;2;20;3,60;17,78;
33;2;12;2,50;4,44;
34;14;8;1,95;10,78;
35;6;8;2,28;5,40;
29;4;16;4,70;29,70;
Plan:P5_15085-02_T_08_512_BW_U1_01;;;;;
1;8;14;4,65;45,01;
2;8;14;3,70;35,82;
3;12;14;3,45;50,09;
4;4;16;3,89;24,58;
5;4;8;3,40;5,37;
6;2;14;1,90;4,60;
7;2;14;3,70;8,95;
8;46;8;1,55;28,16;
9;20;8;2,16;17,06;
10;6;14;2,62;19,02;
11;16;10;2,04;20,14;
12;68;10;4,75;199,29;
13;59;12;3,45;180,75;
14;68;10;1,75;73,42;
15;32;12;2,22;63,08;
16;20;8;0,47;3,71;
17;20;12;2,50;44,40;
18;14;10;1,25;10,80;
19;7;12;1,62;10,07;
20;7;12;1,45;9,01;
Plan:RNDlistopenDWGs;;;;;
1;276;10;5,75;979,18;
2;60;10;1,70;62,93;
3;224;10;1,64;226,66;
4;171;10;5,00;527,54;
5;64;8;2,03;51,32;
6;4;16;6,00;37,92;
7;4;16;9,90;62,57;
8;2;16;7,45;23,54;
9;2;16;8,45;26,70;
10;30;10;0,94;17,40;
11;15;12;4,11;54,75;
12;5;12;4,14;18,38;
13;114;10;7,20;506,43;
14;40;12;1,20;42,62;
15;40;10;1,19;29,37;
16;4;16;6,75;42,66;
17;4;14;2,59;12,54;
1;276;10;5,75;979,18;
2;60;10;1,70;62,93;
3;224;10;1,64;226,66;
4;171;10;5,00;527,54;
5;64;8;2,03;51,32;
6;4;16;6,00;37,92;
7;4;16;9,90;62,57;
8;2;16;7,45;23,54;
9;2;16;8,45;26,70;
10;30;10;0,94;17,40;
11;15;12;4,11;54,75;
12;5;12;4,14;18,38;
13;114;10;7,20;506,43;
14;40;12;1,20;42,62;
15;40;10;1,19;29,37;
16;4;16;6,75;42,66;
17;4;14;2,59;12,54;
RND_05_Decke 1;;;;;
Plan:P5_15085-02_T_08_521_BW_U1_02;;;;;
1;3;14;2,90;10,53;
2;13;12;1,65;19,05;
4;27;16;1,95;83,19;
5;2;16;2,60;8,22;
6;4;10;0,97;2,39;
7;17;10;2,37;24,86;
8;37;10;1,27;28,99;
9;6;10;0,55;2,04;
10;1;12;1,20;1,07;
14;2;20;9,50;46,93;
15;28;12;2,38;59,18;
16;2;10;1,68;2,07;
17;3;14;4,00;14,52;
18;285;10;0,85;149,47;
19;3;10;1,67;3,09;
20;2;14;11,10;26,86;
21;6;14;7,55;54,81;
22;4;10;3,17;7,82;
23;4;16;2,25;14,22;
24;2;12;3,75;6,66;
25;2;12;2,45;4,35;
26;8;10;1,07;5,28;
27;8;14;2,58;24,97;
13;19;12;1,37;23,11;
3;36;10;1,69;37,54;
12;10;10;1,09;6,73;
11;4;16;3,00;18,96;
28;2;16;3,05;9,64;
29;397;10;1,45;355,18;
112;VE;12;160,00;142,08;
Plan:P5_15085-02_T_08_522_BW_U1_03;;;;;
1;192;10;11,50;1362,34;
2;78;10;7,80;375,38;
3;59;16;4,50;419,49;
4;4;16;3,35;21,17;
5;2;16;5,10;16,12;
6;7;20;7,35;127,08;
7;3;20;13,40;99,29;
8;34;10;6,30;132,16;
9;72;10;2,65;117,72;
10;261;10;9,55;1537,90;
12;22;10;3,00;40,72;
13;16;10;2,44;24,09;
14;4;12;2,85;10,12;
15;42;10;7,65;198,24;
19;4;12;2,30;8,17;
24;24;14;11,85;344,12;
25;6;14;7,80;56,63;
26;125;16;3,00;592,50;
11;11;14;3,75;49,91;
17;5;10;1,72;5,31;
20;1;10;10,80;6,66;
22;10;10;1,17;7,22;
16;19;10;0,97;11,37;
18;17;10;0,98;10,28;
21;14;14;1,97;33,37;
23;285;10;1,09;191,67;
27;52;10;1,00;32,08;
28;14;10;1,20;10,37;
Plan:P5_15085-02_T_08_523_BW_U1_04;;;;;
1;8;10;2,45;12,09;
2;558;10;0,85;292,64;
3;283;10;1,09;190,33;
8;38;10;2,75;64,48;
10;33;10;3,17;64,54;
12;83;14;4,13;414,78;
13;6;10;2,05;7,59;
14;2;12;2,55;4,53;
15;4;12;1,85;6,57;
16;32;10;1,18;23,30;
17;4;16;1,95;12,32;
18;12;14;7,85;113,98;
19;8;14;5,80;56,14;
20;4;16;4,60;29,07;
21;8;14;11,10;107,45;
22;8;12;1,40;9,95;
23;10;12;1,60;14,21;
24;72;12;1,98;126,59;
25;3;14;2,50;9,07;
27;4;14;2,00;9,68;
28;2;12;2,22;3,94;
29;2;20;5,50;27,17;
30;6;14;2,57;18,66;
31;8;20;3,76;74,30;
32;8;20;3,75;74,10;
33;16;10;1,84;18,16;
34;2;16;6,00;18,96;
35;2;20;4,15;20,50;
36;2;16;4,85;15,33;
37;6;14;4,00;29,04;
39;17;10;2,14;22,45;
41;4;16;11,10;70,15;
43;20;10;3,45;42,57;
44;7;10;1,06;4,58;
45;27;10;2,64;43,98;
46;8;12;1,45;10,30;
47;2;16;5,25;16,59;
48;14;10;1,33;11,49;
49;5;16;4,60;36,34;
50;16;10;1,20;11,85;
112;VE;12;550,00;488,40;
4;4;10;2,38;5,87;
5;22;10;2,37;32,17;
6;94;10;1,07;62,06;
7;11;10;1,17;7,94;
9;134;10;2,73;225,71;
11;6;12;2,15;11,46;
26;2;16;5,25;16,59;
38;12;12;3,90;41,56;
40;2;12;4,75;8,44;
42;23;10;3,10;43,99;
51;6;10;1,71;6,33;
Plan:P5_15085-02_T_08_524_BW_U1_05;;;;;
1;114;10;6,45;453,68;
2;198;10;10,80;1319,39;
3;119;10;12,70;932,47;
4;163;10;3,50;352,00;
5;35;10;4,50;97,18;
6;66;10;7,50;305,42;
8;44;10;10,00;271,48;
9;66;10;5,95;242,30;
10;21;10;2,60;33,69;
11;56;10;1,90;65,65;
12;548;10;1,09;368,55;
13;4;16;3,85;24,33;
14;4;16;5,50;34,76;
15;16;10;7,00;69,10;
19;26;10;1,20;19,25;
20;169;10;5,70;594,36;
21;102;14;3,55;438,14;
22;12;12;1,40;14,92;
23;56;10;2,00;69,10;
24;112;10;1,40;96,75;
26;33;10;3,65;74,32;
28;7;10;1,50;6,48;
29;5;16;1,50;11,85;
30;4;12;2,50;8,88;
25;26;14;4,75;149,44;
7;70;10;3,00;129,57;
16;31;10;1,50;28,69;
17;10;10;1,37;8,45;
18;18;10;0,83;9,22;
31;2;20;3,50;17,29;
27;28;20;4,00;276,64;
Plan:P5_15085-02_T_08_525_BW_U1_00;;;;;
201;12;14;1,20;17,42;
1;14;10;3,00;25,91;
2;14;8;3,00;16,59;
3;84;8;2,02;67,02;
4;28;10;2,00;34,55;
5;56;10;1,30;44,92;
6;20;16;3,40;107,44;
7;52;10;1,24;39,78;
8;18;8;1,24;8,82;
9;12;10;3,40;25,17;
10;70;10;2,07;89,40;
11;24;10;1,00;14,81;
12;6;12;1,40;7,46;
13;14;10;3,20;27,64;
14;14;8;3,20;17,70;
15;16;8;0,81;5,12;
Plan:P5_15085-02_T_08_526_BW_U1_00;;;;;
201;12;14;1,20;17,42;
1;14;10;3,00;25,91;
2;14;8;3,00;16,59;
3;84;8;2,02;67,02;
4;28;10;2,00;34,55;
5;56;10;1,30;44,92;
6;6;16;3,45;32,71;
7;35;10;1,24;26,78;
8;11;12;3,45;33,70;
9;15;10;3,45;31,93;
10;70;10;2,07;89,40;
11;32;10;1,00;19,74;
12;6;12;1,40;7,46;
13;14;10;3,20;27,64;
14;14;8;3,20;17,70;
15;22;8;0,81;7,04;
16;17;8;1,24;8,33;
Plan:RNDlistopenDWGs;;;;;
1;276;10;5,75;979,18;
2;60;10;1,70;62,93;
3;224;10;1,64;226,66;
4;171;10;5,00;527,54;
5;64;8;2,03;51,32;
6;4;16;6,00;37,92;
7;4;16;9,90;62,57;
8;2;16;7,45;23,54;
9;2;16;8,45;26,70;
10;30;10;0,94;17,40;
11;15;12;4,11;54,75;
12;5;12;4,14;18,38;
13;114;10;7,20;506,43;
14;40;12;1,20;42,62;
15;40;10;1,19;29,37;
16;4;16;6,75;42,66;
17;4;14;2,59;12,54;
1;276;10;5,75;979,18;
2;60;10;1,70;62,93;
3;224;10;1,64;226,66;
4;171;10;5,00;527,54;
5;64;8;2,03;51,32;
6;4;16;6,00;37,92;
7;4;16;9,90;62,57;
8;2;16;7,45;23,54;
9;2;16;8,45;26,70;
10;30;10;0,94;17,40;
11;15;12;4,11;54,75;
12;5;12;4,14;18,38;
13;114;10;7,20;506,43;
14;40;12;1,20;42,62;
15;40;10;1,19;29,37;
16;4;16;6,75;42,66;
17;4;14;2,59;12,54;
RND_06_WÑnde EG;;;;;
Plan:P5_15085-02_T_08_530_BW_00_00;;;;;
Plan:P5_15085-02_T_08_531_BW_00_00;;;;;
1;192;8;1,14;86,46;
2;96;16;4,40;667,39;
3;348;8;1,96;269,42;
Plan:P5_15085-02_T_08_532_BW_00_03;;;;;
1;70;10;1,36;58,74;
2;20;25;4,65;358,05;
4;96;10;0,78;46,20;
5;168;10;1,00;103,66;
6;12;20;9,00;266,76;
7;14;10;1,76;15,20;
9;22;10;5,90;80,09;
10;66;10;7,20;293,20;
11;22;10;5,95;80,77;
12;110;10;1,20;81,44;
14;27;10;1,83;30,49;
15;4;20;3,85;38,04;
18;4;16;3,80;24,02;
19;8;20;7,75;153,14;
20;22;10;3,40;46,15;
21;4;20;6,00;59,28;
22;4;16;7,15;45,19;
3;14;10;2,32;20,04;
13;20;14;4,35;105,27;
16;8;16;7,50;94,80;
17;8;16;8,75;110,60;
8;243;10;4,02;602,72;
Plan:P5_15085-02_T_08_533_BW_00_02;;;;;
201;3;14;0,61;2,21;
1;21;8;1,28;10,62;
2;22;16;4,35;151,21;
3;18;12;1,99;31,81;
4;16;10;3,16;31,20;
5;18;12;2,85;45,55;
6;53;10;4,02;131,46;
7;17;10;2,26;23,71;
8;92;10;4,20;238,41;
9;8;14;4,35;42,11;
10;74;10;4,65;212,31;
11;42;8;2,15;35,67;
12;16;10;0,78;7,70;
13;28;10;1,00;17,28;
14;24;10;11,70;173,25;
15;24;10;2,15;31,84;
16;81;10;1,75;87,46;
17;50;10;1,25;38,56;
18;4;20;6,20;61,26;
19;4;16;6,60;41,71;
20;4;16;2,00;12,64;
21;8;16;3,80;48,03;
22;4;20;5,00;49,40;
23;4;20;6,75;66,69;
24;4;20;3,50;34,58;
25;50;8;0,47;9,28;
26;8;10;3,50;17,28;
112;VE;12;5,00;4,44;
Plan:P5_15085-02_T_08_534_BW_00_02;;;;;
1;28;10;1,36;23,50;
2;8;25;4,55;140,14;
3;21;8;1,28;10,62;
4;4;16;4,25;26,86;
5;117;10;1,79;129,22;
6;56;10;0,78;26,95;
7;98;10;1,00;60,47;
8;158;10;4,40;428,94;
9;50;8;0,47;9,28;
10;22;10;3,40;46,15;
11;74;10;5,85;267,10;
12;74;10;5,95;271,67;
13;24;14;4,50;130,68;
14;4;20;4,55;44,95;
16;66;10;7,20;293,20;
17;110;10;1,20;81,44;
18;8;16;8,75;110,60;
19;4;16;4,00;25,28;
20;4;16;5,45;34,44;
21;4;20;9,00;88,92;
22;8;20;10,05;198,59;
23;4;16;7,15;45,19;
24;4;20;6,00;59,28;
15;168;10;4,02;416,70;
Plan:P5_15085-02_T_08_535_BW_00_01;;;;;
1;92;8;1,67;60,69;
2;2;16;3,17;10,02;
3;37;10;1,61;36,75;
4;8;16;4,50;56,88;
5;12;12;4,30;45,82;
6;14;10;2,36;20,39;
7;4;16;2,00;12,64;
8;8;10;2,60;12,83;
9;16;10;1,00;9,87;
10;66;8;1,90;49,53;
Plan:P5_15085-02_T_08_536_BW_00_02;;;;;
201;6;14;0,51;3,70;
1;16;14;4,65;90,02;
2;104;10;4,35;279,13;
3;54;10;7,70;256,55;
4;83;10;1,70;87,06;
5;60;8;0,42;9,95;
6;48;10;7,90;233,97;
7;17;8;1,32;8,86;
8;10;10;3,95;24,37;
9;10;10;2,50;15,43;
10;98;8;4,20;162,58;
11;18;8;2,50;17,78;
12;12;20;5,25;155,61;
13;6;16;2,80;26,54;
14;8;10;1,20;5,92;
15;16;10;2,20;21,72;
16;18;8;1,78;12,66;
17;10;12;1,50;13,32;
18;2;16;5,75;18,17;
19;6;10;2,50;9,25;
20;2;16;4,00;12,64;
21;11;12;2,22;21,68;
22;8;12;3,65;25,93;
23;4;20;3,90;38,53;
24;24;10;2,16;31,99;
25;17;8;2,50;16,79;
26;8;16;2,40;30,34;
27;12;8;2,07;9,81;
28;4;16;4,70;29,70;
29;5;12;1,77;7,86;
Plan:P5_15085-02_T_08_537_BW_00_00;;;;;
1;16;14;4,65;90,02;
2;190;8;4,20;315,21;
3;18;10;8,10;89,96;
4;110;10;1,70;115,38;
5;55;8;0,42;9,12;
6;15;10;2,62;24,25;
7;10;20;5,00;123,50;
9;36;10;2,10;46,65;
10;18;10;11,75;130,50;
11;18;10;2,00;22,21;
12;18;10;1,20;13,33;
13;6;16;3,00;28,44;
14;4;16;2,25;14,22;
15;12;12;2,18;23,23;
16;3;8;1,08;1,28;
17;10;12;2,00;17,76;
18;23;12;2,57;52,49;
19;56;10;4,10;141,66;
20;22;12;4,10;80,10;
21;4;14;4,10;19,84;
22;10;12;1,70;15,10;
23;8;10;4,35;21,47;
8;10;16;5,00;79,00;
Plan:P5_15085-02_T_08_538_BW_00_01;;;;;
1;8;16;5,00;63,20;
2;154;8;4,30;261,57;
3;92;8;4,10;148,99;
4;134;8;1,60;84,69;
5;40;8;0,42;6,64;
6;4;16;4,00;25,28;
7;6;14;1,50;10,89;
8;26;12;2,57;59,34;
9;46;8;2,85;51,78;
10;2;20;4,00;19,76;
11;4;14;4,10;19,84;
12;22;10;4,10;55,65;
Plan:P5_15085-02_T_08_539_BW_00_01;;;;;
3;19;10;1,36;15,94;
4;46;10;1,70;48,25;
5;120;8;0,42;19,91;
6;38;10;3,70;86,75;
7;18;10;8,00;88,85;
8;18;10;12,00;133,27;
9;38;10;4,50;105,51;
10;18;10;9,60;106,62;
11;104;10;1,20;77,00;
12;19;10;1,66;19,46;
13;36;10;2,30;51,09;
14;14;8;3,25;17,97;
15;68;8;1,98;53,18;
16;4;16;2,25;14,22;
17;8;16;4,00;50,56;
19;34;14;2,00;82,28;
20;44;8;5,55;96,46;
21;97;8;1,70;65,14;
22;16;8;1,08;6,83;
23;6;12;1,70;9,06;
29;20;8;1,94;15,33;
30;10;12;3,10;27,53;
31;26;12;2,18;50,33;
36;4;14;3,65;17,67;
37;4;16;5,00;31,60;
18;8;16;2,50;31,60;
1;98;14;4,65;551,40;
2;346;8;4,20;574,01;
24;4;16;2,75;17,38;
25;4;16;2,55;16,12;
26;18;8;4,05;28,80;
27;20;8;2,24;17,70;
28;8;8;1,00;3,16;
32;2;8;1,54;1,22;
33;6;16;2,75;26,07;
34;7;8;4,18;11,56;
35;38;10;12,85;301,28;
Plan:P5_15085-02_T_08_540_BW_00_01;;;;;
1;16;14;4,65;90,02;
2;140;8;4,20;232,26;
3;44;8;4,10;71,26;
4;81;10;1,70;84,96;
5;67;8;0,42;11,12;
7;44;8;1,95;33,89;
8;38;10;4,50;105,51;
9;18;10;5,55;61,64;
10;19;10;1,20;14,07;
11;18;10;1,36;15,10;
12;8;16;2,00;25,28;
13;6;8;2,58;6,11;
14;6;8;1,96;4,65;
15;28;16;5,00;221,20;
16;72;10;4,30;191,02;
17;23;8;2,30;20,90;
18;48;8;1,90;36,02;
19;92;8;3,00;109,02;
Plan:P5_15085-02_T_08_541_BW_00_01;;;;;
201;6;14;0,51;3,70;
1;16;14;4,65;90,02;
2;89;8;4,20;147,65;
3;18;8;2,50;17,78;
4;62;10;1,70;65,03;
5;65;8;0,42;10,78;
6;6;16;2,75;26,07;
7;100;10;7,70;475,09;
8;10;10;3,75;23,14;
9;10;10;2,45;15,12;
10;8;10;1,20;5,92;
11;3;10;1,18;2,18;
12;20;8;1,32;10,43;
13;8;12;3,00;21,31;
14;30;8;2,08;24,65;
15;6;10;1,80;6,66;
16;104;10;4,35;279,13;
17;8;10;2,20;10,86;
18;6;8;0,98;2,32;
19;34;8;2,10;28,20;
20;16;10;2,25;22,21;
21;8;16;2,00;25,28;
22;23;10;2,12;30,08;
23;8;12;3,45;24,51;
24;4;16;4,70;29,70;
25;8;12;1,50;10,66;
26;4;20;3,95;39,03;
27;5;12;1,90;8,44;
28;10;20;5,00;123,50;
Plan:RNDlistopenDWGs;;;;;
1;276;10;5,75;979,18;
2;60;10;1,70;62,93;
3;224;10;1,64;226,66;
4;171;10;5,00;527,54;
5;64;8;2,03;51,32;
6;4;16;6,00;37,92;
7;4;16;9,90;62,57;
8;2;16;7,45;23,54;
9;2;16;8,45;26,70;
10;30;10;0,94;17,40;
11;15;12;4,11;54,75;
12;5;12;4,14;18,38;
13;114;10;7,20;506,43;
14;40;12;1,20;42,62;
15;40;10;1,19;29,37;
16;4;16;6,75;42,66;
17;4;14;2,59;12,54;
1;276;10;5,75;979,18;
2;60;10;1,70;62,93;
3;224;10;1,64;226,66;
4;171;10;5,00;527,54;
5;64;8;2,03;51,32;
6;4;16;6,00;37,92;
7;4;16;9,90;62,57;
8;2;16;7,45;23,54;
9;2;16;8,45;26,70;
10;30;10;0,94;17,40;
11;15;12;4,11;54,75;
12;5;12;4,14;18,38;
13;114;10;7,20;506,43;
14;40;12;1,20;42,62;
15;40;10;1,19;29,37;
16;4;16;6,75;42,66;
17;4;14;2,59;12,54;
RND_07_Decke EG;;;;;
Plan:P5_15085-02_T_08_543_BW_00_02;;;;;
3;19;12;1,37;23,11;
4;7;10;1,09;4,71;
7;4;16;4,05;25,60;
8;5;10;1,27;3,92;
9;12;16;1,95;36,97;
10;2;16;2,60;8,22;
11;3;10;1,67;3,09;
12;16;10;2,37;23,40;
14;285;10;0,85;149,47;
15;2;14;11,10;26,86;
16;6;14;7,55;54,81;
17;3;14;2,90;10,53;
18;3;14;3,75;13,61;
19;2;12;2,00;3,55;
20;6;10;0,98;3,63;
21;3;10;1,04;1,93;
22;2;10;1,46;1,80;
23;3;10;1,94;3,59;
24;11;12;1,80;17,58;
25;20;16;2,20;69,52;
26;5;12;1,20;5,33;
27;25;10;1,89;29,15;
28;4;10;2,27;5,60;
29;2;12;3,40;6,04;
6;4;10;1,52;3,75;
1;2;10;1,74;2,15;
2;12;14;2,52;36,59;
5;3;10;2,74;5,07;
30;6;20;9,50;140,79;
31;70;12;1,66;103,19;
32;12;16;4,14;78,49;
33;12;16;4,44;84,18;
34;6;16;5,14;48,73;
35;9;10;8,70;48,31;
36;55;12;1,75;85,47;
37;3;12;1,52;4,05;
38;25;12;1,45;32,19;
112;VE;12;170,00;150,96;
13;377;10;1,45;337,28;
39;12;10;1,00;7,40;
Plan:P5_15085-02_T_08_544_BW_00_03;;;;;
1;192;10;11,50;1362,34;
4;34;10;6,30;132,16;
6;1;10;10,80;6,66;
7;6;20;7,35;108,93;
8;3;20;13,40;99,29;
9;55;16;4,65;404,09;
10;72;10;2,65;117,72;
11;261;10;9,55;1537,90;
12;42;10;7,65;198,24;
16;4;12;2,85;10,12;
18;4;12;2,30;8,17;
21;2;12;2,55;4,53;
22;24;14;11,85;344,12;
23;6;14;7,80;56,63;
25;11;14;3,75;49,91;
26;130;16;3,00;616,20;
3;20;10;4,00;49,36;
2;76;10;7,40;347,00;
13;5;10;1,72;5,31;
15;10;10;1,17;7,22;
20;14;10;1,20;10,37;
14;19;10;0,97;11,37;
17;34;10;0,98;20,56;
24;285;10;1,09;191,67;
19;14;14;2,02;34,22;
5;56;10;1,20;41,46;
Plan:P5_15085-02_T_08_545_BW_00_03;;;;;
1;548;10;0,85;287,40;
3;4;10;2,38;5,87;
4;22;10;2,37;32,17;
5;106;10;1,07;69,98;
6;11;10;1,17;7,94;
7;36;10;2,75;61,08;
8;137;10;2,73;230,76;
9;33;10;3,17;64,54;
11;82;14;4,13;409,78;
12;6;10;2,05;7,59;
13;2;12;2,55;4,53;
14;4;12;1,85;6,57;
15;32;10;1,18;23,30;
16;4;16;1,95;12,32;
17;12;14;7,85;113,98;
18;4;14;6,90;33,40;
19;12;14;11,10;161,17;
20;8;12;1,40;9,95;
21;9;12;1,60;12,79;
22;67;10;1,78;73,58;
23;3;14;2,50;9,07;
24;2;16;5,25;16,59;
25;4;14;2,40;11,62;
26;1;12;3,75;3,33;
27;2;20;5,50;27,17;
28;20;10;3,45;42,57;
29;8;20;3,76;74,30;
30;8;20;3,75;74,10;
31;7;10;1,06;4,58;
32;2;16;6,00;18,96;
33;2;20;4,15;20,50;
34;5;16;4,60;36,34;
35;3;14;4,00;14,52;
36;8;12;1,45;10,30;
37;1;12;3,30;2,93;
38;2;16;5,25;16,59;
39;27;10;2,64;43,98;
40;2;16;4,60;14,54;
41;6;10;1,71;6,33;
42;4;14;5,80;28,07;
112;VE;12;525,00;466,20;
2;305;10;1,09;205,12;
10;6;12;2,15;11,46;
43;15;10;1,33;12,31;
Plan:P5_15085-02_T_08_546_BW_00_03;;;;;
1;114;10;6,45;453,68;
2;198;10;10,80;1319,39;
3;119;10;12,70;932,47;
5;35;10;4,50;97,18;
6;66;10;7,50;305,42;
7;70;10;3,00;129,57;
8;44;10;10,00;271,48;
9;66;10;5,95;242,30;
10;21;10;2,60;33,69;
11;56;10;1,90;65,65;
12;548;10;1,09;368,55;
13;4;16;3,85;24,33;
14;4;16;5,50;34,76;
15;16;10;7,00;69,10;
19;26;10;1,20;19,25;
20;169;10;5,70;594,36;
21;102;14;3,55;438,14;
22;12;12;1,40;14,92;
23;56;10;2,00;69,10;
24;112;10;1,40;96,75;
25;26;14;4,75;149,44;
26;33;10;3,65;74,32;
4;161;10;3,50;347,68;
16;31;10;1,50;28,69;
17;10;10;1,37;8,45;
18;2;20;3,50;17,29;
27;28;20;4,00;276,64;
Plan:P5_15085-02_T_08_547_BW_00_00;;;;;
201;12;14;1,20;17,42;
1;14;10;3,00;25,91;
2;14;8;3,00;16,59;
3;84;8;2,02;67,02;
4;28;10;2,00;34,55;
5;56;10;1,30;44,92;
6;20;16;3,40;107,44;
7;52;10;1,24;39,78;
8;18;8;1,24;8,82;
9;12;10;3,40;25,17;
10;70;10;2,07;89,40;
11;24;10;1,00;14,81;
12;6;12;1,40;7,46;
13;14;10;3,20;27,64;
14;14;8;3,20;17,70;
15;16;8;0,81;5,12;
Plan:P5_15085-02_T_08_548_BW_00_00;;;;;
201;12;14;1,20;17,42;
1;14;10;3,00;25,91;
2;14;8;3,00;16,59;
3;84;8;2,02;67,02;
4;28;10;2,00;34,55;
5;56;10;1,30;44,92;
6;6;16;3,45;32,71;
7;35;10;1,24;26,78;
8;11;12;3,45;33,70;
9;15;10;3,45;31,93;
10;70;10;2,07;89,40;
11;32;10;1,00;19,74;
12;6;12;1,40;7,46;
13;14;10;3,20;27,64;
14;14;8;3,20;17,70;
15;22;8;0,81;7,04;
16;17;8;1,24;8,33;
Plan:RNDlistopenDWGs;;;;;
1;276;10;5,75;979,18;
2;60;10;1,70;62,93;
3;224;10;1,64;226,66;
4;171;10;5,00;527,54;
5;64;8;2,03;51,32;
6;4;16;6,00;37,92;
7;4;16;9,90;62,57;
8;2;16;7,45;23,54;
9;2;16;8,45;26,70;
10;30;10;0,94;17,40;
11;15;12;4,11;54,75;
12;5;12;4,14;18,38;
13;114;10;7,20;506,43;
14;40;12;1,20;42,62;
15;40;10;1,19;29,37;
16;4;16;6,75;42,66;
17;4;14;2,59;12,54;
1;276;10;5,75;979,18;
2;60;10;1,70;62,93;
3;224;10;1,64;226,66;
4;171;10;5,00;527,54;
5;64;8;2,03;51,32;
6;4;16;6,00;37,92;
7;4;16;9,90;62,57;
8;2;16;7,45;23,54;
9;2;16;8,45;26,70;
10;30;10;0,94;17,40;
11;15;12;4,11;54,75;
12;5;12;4,14;18,38;
13;114;10;7,20;506,43;
14;40;12;1,20;42,62;
15;40;10;1,19;29,37;
16;4;16;6,75;42,66;
17;4;14;2,59;12,54;
RND_08_WÑnde 1;;;;;
Plan:P5_15085-02_T_08_550_BW_01_00;;;;;
Plan:P5_15085-02_T_08_551_BW_01_00;;;;;
1;192;8;1,14;86,46;
2;96;16;4,40;667,39;
3;348;8;1,96;269,42;
Plan:P5_15085-02_T_08_552_BW_01_01;;;;;
1;105;8;1,28;53,09;
2;20;16;4,35;137,46;
3;14;10;2,32;20,04;
4;88;10;0,78;42,35;
5;154;10;1,00;95,02;
6;12;20;9,00;266,76;
7;14;10;1,76;15,20;
9;22;10;5,90;80,09;
10;66;10;7,20;293,20;
11;22;10;5,95;80,77;
12;110;10;1,20;81,44;
13;20;14;4,35;105,27;
14;27;10;1,83;30,49;
15;4;20;3,85;38,04;
18;4;16;3,80;24,02;
19;8;20;7,75;153,14;
20;22;10;3,40;46,15;
21;4;20;6,00;59,28;
22;4;16;7,15;45,19;
16;8;16;7,50;94,80;
17;8;16;8,75;110,60;
8;243;10;4,02;602,72;
Plan:P5_15085-02_T_08_553_BW_01_01;;;;;
201;3;14;0,61;2,21;
1;21;8;1,28;10,62;
2;22;16;4,35;151,21;
3;18;12;1,99;31,81;
4;14;10;3,16;27,30;
5;18;12;2,85;45,55;
6;53;10;4,02;131,46;
7;17;12;2,32;35,02;
8;92;10;4,20;238,41;
9;8;14;4,35;42,11;
10;74;10;4,65;212,31;
11;42;8;2,15;35,67;
12;16;10;0,78;7,70;
13;28;10;1,00;17,28;
14;24;10;11,70;173,25;
15;24;10;2,15;31,84;
16;81;10;1,75;87,46;
17;52;10;1,25;40,11;
18;4;20;6,20;61,26;
19;4;16;6,60;41,71;
20;4;16;2,80;17,70;
21;8;16;3,80;48,03;
22;4;20;5,00;49,40;
23;4;20;6,75;66,69;
24;4;20;3,50;34,58;
25;50;8;0,47;9,28;
26;4;14;3,13;15,15;
27;8;10;3,50;17,28;
112;VE;12;5,00;4,44;
Plan:P5_15085-02_T_08_554_BW_01_01;;;;;
1;63;8;1,28;31,85;
2;12;16;4,25;80,58;
3;4;20;10,05;99,29;
4;8;20;9,00;177,84;
5;117;10;1,79;129,22;
6;56;10;0,78;26,95;
7;98;10;1,00;60,47;
8;158;10;4,40;428,94;
9;50;8;0,47;9,28;
10;22;10;3,40;46,15;
11;74;10;5,85;267,10;
12;74;10;5,95;271,67;
13;24;14;4,50;130,68;
14;4;20;4,55;44,95;
16;66;10;7,20;293,20;
17;110;10;1,20;81,44;
18;8;16;8,75;110,60;
19;4;16;4,00;25,28;
20;4;16;5,45;34,44;
21;4;16;7,15;45,19;
22;4;20;6,00;59,28;
15;168;10;4,02;416,70;
Plan:P5_15085-02_T_08_555_BW_01_01;;;;;
1;92;8;1,67;60,69;
2;2;16;3,17;10,02;
3;37;10;1,61;36,75;
4;8;16;4,50;56,88;
5;12;12;4,30;45,82;
6;14;10;2,36;20,39;
7;4;16;2,00;12,64;
8;8;10;2,60;12,83;
9;16;10;1,00;9,87;
10;66;8;1,90;49,53;
Plan:P5_15085-02_T_08_556_BW_01_02;;;;;
201;6;14;0,51;3,70;
1;16;14;4,65;90,02;
2;104;10;4,35;279,13;
3;54;10;7,70;256,55;
4;83;10;1,70;87,06;
5;60;8;0,42;9,95;
6;48;10;7,90;233,97;
7;17;8;1,32;8,86;
8;10;10;3,95;24,37;
9;10;10;2,50;15,43;
10;98;8;4,20;162,58;
11;18;8;2,50;17,78;
12;12;20;5,25;155,61;
13;6;16;2,80;26,54;
14;8;10;1,20;5,92;
15;16;10;2,20;21,72;
16;18;8;1,78;12,66;
17;10;12;1,50;13,32;
18;2;16;5,75;18,17;
19;6;10;2,50;9,25;
20;2;16;4,00;12,64;
21;11;12;2,22;21,68;
22;8;12;3,65;25,93;
23;4;20;3,90;38,53;
24;24;10;2,16;31,99;
25;17;8;2,50;16,79;
26;8;16;2,40;30,34;
27;12;8;2,37;11,23;
28;4;16;4,70;29,70;
29;5;12;1,77;7,86;
Plan:P5_15085-02_T_08_557_BW_01_00;;;;;
1;16;14;4,65;90,02;
2;190;8;4,20;315,21;
3;18;10;8,10;89,96;
4;110;10;1,70;115,38;
5;55;8;0,42;9,12;
6;15;10;2,62;24,25;
7;10;20;5,00;123,50;
9;36;10;2,10;46,65;
10;18;10;11,75;130,50;
11;18;10;2,00;22,21;
12;18;10;1,20;13,33;
13;6;16;3,00;28,44;
14;4;16;2,25;14,22;
15;12;12;2,18;23,23;
16;3;8;1,08;1,28;
17;10;12;2,00;17,76;
18;23;12;2,57;52,49;
19;56;10;4,10;141,66;
20;22;12;4,10;80,10;
21;4;14;4,10;19,84;
22;10;12;1,70;15,10;
23;8;10;4,35;21,47;
8;10;16;5,00;79,00;
Plan:P5_15085-02_T_08_558_BW_01_01;;;;;
1;8;16;5,00;63,20;
2;154;8;4,30;261,57;
3;96;8;4,10;155,47;
4;136;8;1,60;85,95;
5;40;8;0,42;6,64;
6;4;16;4,00;25,28;
7;6;14;1,50;10,89;
8;26;12;2,57;59,34;
9;46;8;2,85;51,78;
10;2;20;4,00;19,76;
11;4;14;4,10;19,84;
12;22;10;4,10;55,65;
13;6;12;3,45;18,38;
14;15;8;1,00;5,93;
15;30;8;0,75;8,89;
Plan:P5_15085-02_T_08_559_BW_01_01;;;;;
3;19;10;1,36;15,94;
4;46;10;1,70;48,25;
5;120;8;0,42;19,91;
6;38;10;3,70;86,75;
7;18;10;8,00;88,85;
8;18;10;12,00;133,27;
9;38;10;4,50;105,51;
10;18;10;9,60;106,62;
11;123;10;1,20;91,07;
12;19;10;1,66;19,46;
13;36;10;2,00;44,42;
14;38;10;4,75;111,37;
15;54;8;1,98;42,23;
16;4;16;2,25;14,22;
17;8;16;4,00;50,56;
18;8;16;2,50;31,60;
19;26;14;2,00;62,92;
20;44;8;5,55;96,46;
21;97;8;1,70;65,14;
22;16;8;1,08;6,83;
23;6;12;1,70;9,06;
29;20;8;1,94;15,33;
30;10;12;3,10;27,53;
31;26;12;2,18;50,33;
36;4;14;3,20;15,49;
37;4;16;5,00;31,60;
38;38;10;9,15;214,53;
1;98;14;4,65;551,40;
2;360;8;4,20;597,24;
24;4;16;2,75;17,38;
25;4;16;2,55;16,12;
26;18;8;4,05;28,80;
27;20;8;2,24;17,70;
28;8;8;1,00;3,16;
32;2;8;1,54;1,22;
33;6;16;2,75;26,07;
34;7;8;4,18;11,56;
35;4;14;2,30;11,13;
Plan:P5_15085-02_T_08_560_BW_01_01;;;;;
1;16;14;4,65;90,02;
2;140;8;4,20;232,26;
3;44;8;4,10;71,26;
4;81;10;1,70;84,96;
5;67;8;0,42;11,12;
7;44;8;1,95;33,89;
8;38;10;4,50;105,51;
9;18;10;5,55;61,64;
10;19;10;1,20;14,07;
11;18;10;1,36;15,10;
12;8;16;2,00;25,28;
13;6;8;2,58;6,11;
14;6;8;1,96;4,65;
15;28;16;5,00;221,20;
16;72;10;4,30;191,02;
17;23;8;2,30;20,90;
18;48;8;1,90;36,02;
19;92;8;3,00;109,02;
Plan:P5_15085-02_T_08_561_BW_01_01;;;;;
201;6;14;0,51;3,70;
1;16;14;4,65;90,02;
2;89;8;4,20;147,65;
3;18;8;2,50;17,78;
4;65;10;1,70;68,18;
5;65;8;0,42;10,78;
6;6;16;2,75;26,07;
7;100;10;7,70;475,09;
8;10;10;3,75;23,14;
9;10;10;2,45;15,12;
10;8;10;1,20;5,92;
11;3;10;1,18;2,18;
12;20;8;1,32;10,43;
13;8;12;3,00;21,31;
14;30;8;2,38;28,20;
15;6;10;1,80;6,66;
16;104;10;4,35;279,13;
17;8;10;2,20;10,86;
18;6;8;0,98;2,32;
19;34;8;2,10;28,20;
20;16;10;2,25;22,21;
21;8;16;2,00;25,28;
22;23;10;2,12;30,08;
23;8;12;3,45;24,51;
24;4;16;4,70;29,70;
25;8;12;1,50;10,66;
26;4;20;3,95;39,03;
27;5;12;1,90;8,44;
28;10;20;5,00;123,50;
Plan:RNDlistopenDWGs;;;;;
1;276;10;5,75;979,18;
2;60;10;1,70;62,93;
3;224;10;1,64;226,66;
4;171;10;5,00;527,54;
5;64;8;2,03;51,32;
6;4;16;6,00;37,92;
7;4;16;9,90;62,57;
8;2;16;7,45;23,54;
9;2;16;8,45;26,70;
10;30;10;0,94;17,40;
11;15;12;4,11;54,75;
12;5;12;4,14;18,38;
13;114;10;7,20;506,43;
14;40;12;1,20;42,62;
15;40;10;1,19;29,37;
16;4;16;6,75;42,66;
17;4;14;2,59;12,54;
1;276;10;5,75;979,18;
2;60;10;1,70;62,93;
3;224;10;1,64;226,66;
4;171;10;5,00;527,54;
5;64;8;2,03;51,32;
6;4;16;6,00;37,92;
7;4;16;9,90;62,57;
8;2;16;7,45;23,54;
9;2;16;8,45;26,70;
10;30;10;0,94;17,40;
11;15;12;4,11;54,75;
12;5;12;4,14;18,38;
13;114;10;7,20;506,43;
14;40;12;1,20;42,62;
15;40;10;1,19;29,37;
16;4;16;6,75;42,66;
17;4;14;2,59;12,54;
RND_09_Decke 1;;;;;
Plan:P5_15085-02_T_08_563_BW_01_02;;;;;
1;3;10;2,74;5,07;
2;31;10;1,09;20,85;
3;6;20;11,80;174,88;
5;19;12;1,37;23,11;
6;23;10;1,68;23,84;
7;2;16;6,40;20,22;
8;2;16;5,70;18,01;
9;6;12;1,40;7,46;
10;12;16;4,14;78,49;
11;12;16;3,84;72,81;
13;2;16;2,60;8,22;
14;3;10;1,67;3,09;
15;8;10;2,37;11,70;
16;298;10;0,85;156,29;
18;6;14;7,55;54,81;
19;36;12;2,25;71,93;
20;7;14;2,65;22,45;
21;3;20;8,55;63,36;
22;2;20;8,55;42,24;
23;2;16;3,22;10,18;
24;2;20;4,75;23,47;
25;16;12;2,17;30,83;
26;3;14;2,57;9,33;
27;9;16;2,15;30,57;
28;2;12;2,00;3,55;
29;2;10;1,46;1,80;
30;3;10;1,94;3,59;
31;3;10;1,04;1,93;
32;6;10;0,98;3,63;
33;13;12;2,00;23,09;
34;18;16;2,40;68,26;
35;2;12;3,40;6,04;
36;5;12;1,20;5,33;
37;4;16;4,05;25,60;
38;25;10;2,09;32,24;
39;4;10;2,27;5,60;
40;4;10;1,52;3,75;
41;75;12;1,75;116,55;
42;11;10;1,74;11,81;
43;3;12;1,52;4,05;
44;3;12;1,52;4,05;
45;30;10;1,00;18,51;
47;417;10;1,45;373,07;
48;5;10;1,27;3,92;
49;3;14;2,90;10,53;
112;VE;12;160,00;142,08;
12;7;16;1,95;21,57;
17;2;14;11,10;26,86;
46;3;20;4,75;35,20;
50;9;10;11,75;65,25;
51;6;16;5,14;48,73;
52;106;12;1,66;156,25;
4;30;14;2,52;91,48;
Plan:P5_15085-02_T_08_564_BW_01_03;;;;;
1;192;10;11,50;1362,34;
2;76;10;7,00;328,24;
3;20;10;4,00;49,36;
4;34;10;10,65;223,42;
6;1;10;10,80;6,66;
8;3;20;13,40;99,29;
9;74;16;4,65;543,68;
10;110;10;2,65;179,86;
11;261;10;9,55;1537,90;
12;42;10;7,65;198,24;
16;4;12;2,85;10,12;
18;2;12;2,30;4,08;
20;24;14;11,85;344,12;
21;6;14;7,80;56,63;
23;11;14;3,75;49,91;
24;130;16;3,00;616,20;
13;5;10;1,72;5,31;
15;10;10;1,17;7,22;
19;8;10;1,20;5,92;
5;56;10;1,40;48,37;
14;9;10;0,97;5,39;
17;34;10;0,98;20,56;
22;298;10;1,09;200,41;
7;6;20;10,75;159,32;
Plan:P5_15085-02_T_08_565_BW_01_03;;;;;
1;515;10;0,85;270,09;
2;271;10;1,09;182,26;
3;4;10;2,38;5,87;
4;22;10;2,37;32,17;
5;91;10;1,07;60,08;
6;11;10;1,17;7,94;
7;36;10;2,75;61,08;
8;133;10;2,73;224,03;
9;4;14;2,40;11,62;
10;6;12;2,15;11,46;
11;108;14;4,13;539,71;
12;6;10;2,05;7,59;
13;2;12;2,55;4,53;
14;4;12;1,85;6,57;
15;32;10;1,18;23,30;
16;4;16;1,95;12,32;
17;12;14;7,85;113,98;
18;4;14;5,80;28,07;
19;8;14;11,10;107,45;
20;4;14;6,90;33,40;
21;8;12;1,40;9,95;
22;9;12;1,60;12,79;
23;45;10;1,78;49,42;
24;3;14;2,50;9,07;
25;2;16;5,25;16,59;
26;2;16;5,25;16,59;
27;4;14;11,10;53,72;
28;4;20;3,76;37,15;
29;4;20;3,75;37,05;
30;20;10;3,45;42,57;
32;27;10;2,64;43,98;
33;6;10;1,71;6,33;
34;1;12;3,30;2,93;
112;VE;12;500,00;444,00;
31;8;12;1,45;10,30;
Plan:P5_15085-02_T_08_566_BW_01_03;;;;;
1;77;10;6,45;306,43;
2;198;10;10,80;1319,39;
3;119;10;12,70;932,47;
4;125;10;3,50;269,94;
5;35;10;4,50;97,18;
6;66;10;7,50;305,42;
8;44;10;10,00;271,48;
9;66;10;5,95;242,30;
10;21;10;2,60;33,69;
11;56;10;1,90;65,65;
13;4;16;3,80;24,02;
14;4;16;5,50;34,76;
15;16;10;7,00;69,10;
19;26;10;1,20;19,25;
20;207;10;5,70;728,00;
21;79;14;3,55;339,34;
22;9;12;1,40;11,19;
23;42;10;2,00;51,83;
24;84;10;1,40;72,56;
25;26;14;4,75;149,44;
7;70;10;3,00;129,57;
16;31;10;1,50;28,69;
17;25;10;1,37;21,13;
18;2;20;3,50;17,29;
12;521;10;1,09;350,39;
26;28;20;4,00;276,64;
Plan:P5_15085-02_T_08_567_BW_01_00;;;;;
201;12;14;1,20;17,42;
1;14;10;3,00;25,91;
2;14;8;3,00;16,59;
3;84;8;2,02;67,02;
4;28;10;2,00;34,55;
5;56;10;1,30;44,92;
6;20;16;3,40;107,44;
7;52;10;1,24;39,78;
8;18;8;1,24;8,82;
9;12;10;3,40;25,17;
10;70;10;2,07;89,40;
11;24;10;1,00;14,81;
12;6;12;1,40;7,46;
13;14;10;3,20;27,64;
14;14;8;3,20;17,70;
15;16;8;0,81;5,12;
Plan:P5_15085-02_T_08_568_BW_01_00;;;;;
201;12;14;1,20;17,42;
1;14;10;3,00;25,91;
2;14;8;3,00;16,59;
3;84;8;2,02;67,02;
4;28;10;2,00;34,55;
5;56;10;1,30;44,92;
6;6;16;3,45;32,71;
7;35;10;1,24;26,78;
8;11;12;3,45;33,70;
9;15;10;3,45;31,93;
10;70;10;2,07;89,40;
11;32;10;1,00;19,74;
12;6;12;1,40;7,46;
13;14;10;3,20;27,64;
14;14;8;3,20;17,70;
15;22;8;0,81;7,04;
16;17;8;1,24;8,33;
Plan:RNDlistopenDWGs;;;;;
1;276;10;5,75;979,18;
2;60;10;1,70;62,93;
3;224;10;1,64;226,66;
4;171;10;5,00;527,54;
5;64;8;2,03;51,32;
6;4;16;6,00;37,92;
7;4;16;9,90;62,57;
8;2;16;7,45;23,54;
9;2;16;8,45;26,70;
10;30;10;0,94;17,40;
11;15;12;4,11;54,75;
12;5;12;4,14;18,38;
13;114;10;7,20;506,43;
14;40;12;1,20;42,62;
15;40;10;1,19;29,37;
16;4;16;6,75;42,66;
17;4;14;2,59;12,54;
1;276;10;5,75;979,18;
2;60;10;1,70;62,93;
3;224;10;1,64;226,66;
4;171;10;5,00;527,54;
5;64;8;2,03;51,32;
6;4;16;6,00;37,92;
7;4;16;9,90;62,57;
8;2;16;7,45;23,54;
9;2;16;8,45;26,70;
10;30;10;0,94;17,40;
11;15;12;4,11;54,75;
12;5;12;4,14;18,38;
13;114;10;7,20;506,43;
14;40;12;1,20;42,62;
15;40;10;1,19;29,37;
16;4;16;6,75;42,66;
17;4;14;2,59;12,54;
RND_11_Decke 2;;;;;
Plan:P5_15085-02_T_08_584_BW_02_02_T1;;;;;
1;30;10;11,05;204,54;
4;11;14;3,53;46,98;
5;12;14;3,33;48,35;
6;6;14;5,73;41,60;
7;19;10;5,45;63,89;
8;6;16;12,00;113,76;
9;3;16;13,00;61,62;
10;165;12;1,64;240,29;
11;19;14;4,21;96,79;
13;3;10;1,28;2,37;
14;45;10;2,63;73,02;
15;71;10;1,08;47,31;
16;16;16;14,00;353,92;
17;30;16;2,30;109,02;
18;15;10;1,12;10,37;
19;8;16;2,60;32,86;
20;34;10;1,68;35,24;
21;2;16;6,40;20,22;
22;79;10;1,06;51,67;
23;11;12;2,52;24,62;
24;13;16;2,40;49,30;
25;34;12;3,01;90,88;
26;2;12;2,20;3,91;
27;2;12;2,25;4,00;
28;2;10;1,02;1,26;
29;2;10;1,08;1,33;
30;4;10;2,04;5,03;
31;2;16;2,70;8,53;
32;4;16;2,90;18,33;
33;77;10;1,63;77,44;
34;32;12;1,83;52,00;
35;6;12;1,70;9,06;
36;30;12;2,20;58,61;
37;131;10;2,00;161,65;
38;4;16;4,57;28,88;
39;4;16;8,35;52,77;
40;2;14;2,10;5,08;
41;2;16;5,85;18,49;
42;263;10;0,85;137,93;
43;12;14;11,65;169,16;
44;4;14;1,70;8,23;
45;4;12;3,20;11,37;
46;3;12;1,15;3,06;
47;8;16;7,50;94,80;
48;4;20;12,95;127,95;
49;1;20;9,55;23,59;
50;4;10;0,94;2,32;
51;4;20;12,95;127,95;
52;2;20;9,70;47,92;
56;12;10;3,40;25,17;
58;4;16;4,55;28,76;
59;2;16;5,95;18,80;
63;2;16;6,40;20,22;
64;3;16;13,00;61,62;
65;32;14;4,16;161,08;
66;21;16;5,15;170,88;
67;6;16;3,45;32,71;
68;31;10;2,30;43,99;
69;24;10;1,76;26,06;
70;40;10;1,31;32,33;
71;4;16;2,60;16,43;
112;VE;12;200,00;177,60;
2;32;14;2,61;101,06;
3;46;16;3,85;279,82;
12;7;10;1,27;5,49;
53;83;10;1,25;64,01;
54;87;10;1,81;97,16;
55;32;10;1,73;34,16;
57;4;12;2,70;9,59;
61;4;16;3,50;22,12;
62;6;16;12,00;113,76;
72;197;10;1,00;121,55;
60;4;20;4,00;39,52;
73;6;14;3,00;21,78;
74;12;12;1,20;12,79;
Plan:P5_15085-02_T_08_585_BW_02_02;;;;;
1;72;12;11,50;735,26;
2;36;12;5,75;183,82;
3;120;10;11,50;851,46;
4;60;10;5,35;198,06;
7;90;10;5,65;313,74;
8;276;12;5,25;1286,71;
9;111;10;2,30;157,52;
10;80;16;3,50;442,40;
12;117;10;4,80;346,51;
13;108;10;3,25;216,57;
14;12;12;5,60;59,67;
15;30;10;2,15;39,80;
16;52;12;2,00;92,35;
17;26;10;4,35;69,78;
5;37;10;11,75;268,24;
6;24;10;2,60;38,50;
11;263;12;1,33;310,61;
Plan:P5_15085-02_T_08_586_BW_02_03;;;;;
1;185;12;1,28;210,28;
5;12;16;3,15;59,72;
6;2;16;2,70;8,53;
7;2;16;3,40;10,74;
8;8;12;2,80;19,89;
9;8;16;3,45;43,61;
10;52;10;1,36;43,63;
11;4;12;2,20;7,81;
12;4;12;1,85;6,57;
13;3;12;2,54;6,77;
14;576;10;0,85;302,08;
15;97;10;1,08;64,64;
16;105;10;1,78;115,32;
17;2;16;6,40;20,22;
18;5;10;1,18;3,64;
19;6;10;1,17;4,33;
20;6;12;2,15;11,46;
21;3;10;1,20;2,22;
23;27;10;2,63;43,81;
24;6;10;2,05;7,59;
26;4;12;1,85;6,57;
27;4;16;1,95;12,32;
28;4;14;5,80;28,07;
29;8;14;7,85;75,99;
30;20;14;11,10;268,62;
31;4;14;6,20;30,01;
32;190;10;2,00;234,46;
33;49;12;2,58;112,26;
34;19;16;3,40;102,07;
35;12;20;13,15;389,77;
36;2;20;3,67;18,13;
37;2;16;11,20;35,39;
38;2;12;2,65;4,71;
39;6;12;1,71;9,11;
41;2;16;6,40;20,22;
42;4;16;5,80;36,66;
43;3;20;13,15;97,44;
44;2;16;11,21;35,42;
112;VE;12;210,00;186,48;
3;2;12;2,65;4,71;
4;75;12;1,26;83,92;
22;3;12;1,97;5,25;
25;6;12;2,55;13,59;
40;8;12;3,45;24,51;
2;11;12;2,52;24,62;
Plan:P5_15085-02_T_08_587_BW_02_02;;;;;
1;198;12;11,50;2021,98;
2;92;12;6,00;490,18;
3;46;10;10,00;283,82;
4;54;10;3,45;114,95;
5;16;10;5,95;58,74;
6;47;12;3,45;143,99;
7;12;12;6,95;74,06;
8;62;12;2,05;112,86;
9;30;12;8,70;231,77;
10;16;12;5,15;73,17;
11;40;12;1,90;67,49;
12;60;12;12,70;676,66;
13;8;12;3,05;21,67;
14;7;12;3,85;23,93;
15;58;12;6,45;332,20;
16;251;16;4,00;1586,32;
17;266;12;5,50;1299,14;
18;70;10;2,80;120,93;
19;43;10;4,70;124,70;
20;17;10;7,95;83,39;
23;4;16;3,80;24,02;
24;2;12;1,40;2,49;
25;14;10;2,00;17,28;
27;34;10;2,10;44,05;
29;45;14;1,93;105,09;
30;2;16;5,50;17,38;
31;25;20;5,00;308,75;
32;6;16;3,00;28,44;
26;28;10;1,40;24,19;
28;540;12;1,33;637,76;
22;38;12;6,95;234,52;
21;20;10;1,37;16,91;
Plan:P5_15085-02_T_08_588_BW_02_00;;;;;
1;14;10;2,15;18,57;
2;14;8;2,15;11,89;
3;88;8;1,99;69,17;
4;28;10;2,00;34,55;
5;56;10;1,30;44,92;
8;18;8;1,24;8,82;
10;28;10;2,99;51,66;
11;40;10;2,29;56,52;
15;14;10;4,25;36,71;
16;6;12;1,40;7,46;
12;14;12;2,27;28,22;
6;23;16;3,40;123,56;
7;18;10;1,24;13,77;
9;13;10;3,40;27,27;
13;18;10;1,22;13,55;
14;14;14;4,25;71,99;
17;32;10;1,00;19,74;
18;34;10;1,44;30,21;
19;3;12;2,20;5,86;
201;14;14;1,20;20,33;
Plan:RNDlistopenDWGs;;;;;
1;276;10;5,75;979,18;
2;60;10;1,70;62,93;
3;224;10;1,64;226,66;
4;171;10;5,00;527,54;
5;64;8;2,03;51,32;
6;4;16;6,00;37,92;
7;4;16;9,90;62,57;
8;2;16;7,45;23,54;
9;2;16;8,45;26,70;
10;30;10;0,94;17,40;
11;15;12;4,11;54,75;
12;5;12;4,14;18,38;
13;114;10;7,20;506,43;
14;40;12;1,20;42,62;
15;40;10;1,19;29,37;
16;4;16;6,75;42,66;
17;4;14;2,59;12,54;
1;276;10;5,75;979,18;
2;60;10;1,70;62,93;
3;224;10;1,64;226,66;
4;171;10;5,00;527,54;
5;64;8;2,03;51,32;
6;4;16;6,00;37,92;
7;4;16;9,90;62,57;
8;2;16;7,45;23,54;
9;2;16;8,45;26,70;
10;30;10;0,94;17,40;
11;15;12;4,11;54,75;
12;5;12;4,14;18,38;
13;114;10;7,20;506,43;
14;40;12;1,20;42,62;
15;40;10;1,19;29,37;
16;4;16;6,75;42,66;
17;4;14;2,59;12,54;
RND_12_WÑnde 3;;;;;
Plan:P5_15085-02_T_08_590_BW_03_00;;;;;
Plan:P5_15085-02_T_08_591_BW_03_00;;;;;
1;132;10;1,26;102,62;
2;16;16;4,55;115,02;
Plan:P5_15085-02_T_08_592_BW_03_01;;;;;
1;71;10;1,69;74,03;
2;4;20;10,95;108,19;
3;152;10;3,95;370,45;
4;52;12;5,20;240,12;
5;36;10;2,00;44,42;
6;72;10;2,10;93,29;
7;18;10;3,60;39,98;
8;8;10;5,10;25,17;
9;64;12;3,25;184,70;
10;56;10;1,37;47,34;
11;12;12;2,00;21,31;
12;16;12;1,77;25,15;
14;572;10;5,20;1835,20;
15;4;20;7,30;72,12;
16;64;12;12,00;681,98;
17;12;12;8,10;86,31;
19;162;10;11,90;1189,45;
20;364;10;1,20;269,51;
21;26;12;1,30;30,01;
22;32;14;9,35;362,03;
23;12;12;5,00;53,28;
24;4;20;6,80;67,18;
26;72;10;1,26;55,97;
27;70;10;5,85;252,66;
30;45;12;3,74;149,45;
31;2;12;1,64;2,91;
32;2;12;2,28;4,05;
33;8;16;1,70;21,49;
35;36;10;2,20;48,87;
36;18;10;3,30;36,65;
37;16;12;1,75;24,86;
38;24;10;1,28;18,95;
39;11;16;8,86;153,99;
40;140;10;12,20;1053,84;
41;320;8;0,42;53,09;
13;108;10;1,68;111,95;
18;12;12;4,40;46,89;
25;22;16;6,80;236,37;
28;38;16;5,20;312,21;
29;19;16;2,80;84,06;
41;7;10;1,66;7,17;
34;4;16;2,85;18,01;
Plan:P5_15085-02_T_08_593_BW_03_01;;;;;
1;37;8;1,67;24,41;
2;8;14;5,20;50,34;
3;4;14;5,21;25,22;
4;24;8;1,62;15,36;
5;174;10;5,20;558,26;
6;70;10;12,90;557,15;
7;60;10;1,70;62,93;
8;20;10;1,25;15,43;
11;12;12;1,95;20,78;
12;4;14;13,25;64,13;
15;65;8;0,42;10,78;
9;89;10;1,18;64,80;
16;18;10;0,70;7,77;
10;15;12;12,90;171,83;
19;86;12;1,60;122,19;
20;86;12;1,35;103,10;
21;2;14;10,15;24,56;
22;2;14;4,20;10,16;
23;5;12;9,95;44,18;
24;5;12;3,45;15,32;
25;6;12;1,98;10,55;
26;6;12;1,93;10,28;
27;5;12;0,98;4,35;
17;68;8;1,98;53,18;
18;21;8;1,93;16,01;
13;44;12;1,70;66,42;
14;8;12;2,80;19,89;
Plan:P5_15085-02_T_08_594_BW_03_00;;;;;
1;145;10;1,63;145,83;
2;24;10;5,90;87,37;
3;36;10;9,00;199,91;
4;24;10;1,30;19,25;
5;16;16;7,70;194,66;
6;24;16;9,50;360,24;
8;7;8;1,62;4,48;
10;7;8;1,67;4,62;
18;4;16;3,70;23,38;
19;8;16;10,00;126,40;
20;75;8;0,47;13,92;
7;21;10;1,75;22,67;
9;60;10;10,00;370,20;
11;7;10;1,73;7,47;
12;4;10;1,61;3,97;
13;12;10;2,15;15,92;
14;24;10;1,00;14,81;
15;12;10;2,55;18,88;
16;12;10;1,85;13,70;
17;12;10;5,00;37,02;
21;28;10;0,85;14,68;
Plan:P5_15085-02_T_08_595_BW_03_00;;;;;
1;77;10;2,53;120,20;
2;42;10;1,55;40,17;
3;14;10;7,25;62,63;
4;31;10;2,58;49,35;
5;272;10;2,15;360,82;
6;14;10;0,80;6,91;
7;32;12;2,53;71,89;
8;48;10;3,55;105,14;
9;7;10;1,60;6,91;
10;25;8;0,37;3,65;
11;10;8;0,42;1,66;
12;34;10;7,50;157,34;
13;57;10;1,53;53,81;
14;114;10;1,51;106,21;
15;8;14;4,40;42,59;
16;112;10;1,11;76,71;
17;8;14;2,55;24,68;
112;VE;12;100,00;88,80;
Plan:P5_15085-02_T_08_596_BW_03_01;;;;;
2;70;10;5,05;218,11;
10;4;16;5,10;32,23;
11;86;12;2,28;174,12;
12;40;10;2,10;51,83;
13;8;14;2,50;24,20;
14;40;10;4,10;101,19;
15;10;14;4,50;54,45;
17;6;16;4,55;43,13;
18;20;8;3,40;26,86;
19;8;16;2,95;37,29;
20;50;8;2,95;58,26;
21;40;8;3,25;51,35;
22;29;8;1,18;13,52;
16;22;10;1,36;18,46;
1;90;10;4,35;241,56;
4;12;14;4,60;66,79;
7;4;20;3,10;30,63;
23;70;8;0,42;11,61;
3;194;10;1,70;203,49;
5;47;10;1,68;48,72;
6;11;10;4,24;28,78;
8;30;10;3,40;62,93;
9;58;10;1,75;62,63;
24;28;10;1,20;20,73;
Plan:P5_15085-02_T_08_597_BW_03_01;;;;;
1;104;10;4,35;279,13;
2;116;8;2,70;123,71;
3;208;8;1,70;139,67;
4;30;14;4,60;166,98;
5;74;10;1,68;76,71;
6;90;8;1,95;69,32;
8;3;8;1,54;1,82;
10;4;16;2,00;12,64;
7;39;8;1,94;29,89;
9;7;10;4,18;18,05;
11;45;8;0,42;7,47;
Plan:RNDlistopenDWGs;;;;;
1;276;10;5,75;979,18;
2;60;10;1,70;62,93;
3;224;10;1,64;226,66;
4;171;10;5,00;527,54;
5;64;8;2,03;51,32;
6;4;16;6,00;37,92;
7;4;16;9,90;62,57;
8;2;16;7,45;23,54;
9;2;16;8,45;26,70;
10;30;10;0,94;17,40;
11;15;12;4,11;54,75;
12;5;12;4,14;18,38;
13;114;10;7,20;506,43;
14;40;12;1,20;42,62;
15;40;10;1,19;29,37;
16;4;16;6,75;42,66;
17;4;14;2,59;12,54;
1;276;10;5,75;979,18;
2;60;10;1,70;62,93;
3;224;10;1,64;226,66;
4;171;10;5,00;527,54;
5;64;8;2,03;51,32;
6;4;16;6,00;37,92;
7;4;16;9,90;62,57;
8;2;16;7,45;23,54;
9;2;16;8,45;26,70;
10;30;10;0,94;17,40;
11;15;12;4,11;54,75;
12;5;12;4,14;18,38;
13;114;10;7,20;506,43;
14;40;12;1,20;42,62;
15;40;10;1,19;29,37;
16;4;16;6,75;42,66;
17;4;14;2,59;12,54;
RND_13_Decke 3;;;;;
Plan:P5_15085-02_T_08_599_BW_03_00;;;;;
1;109;10;1,88;126,44;
3;3;20;3,30;24,45;
4;3;20;13,50;100,04;
112;VE;12;75,00;66,60;
2;6;20;8,60;127,45;
5;6;20;5,85;86,70;
6;4;12;1,52;5,40;
Plan:P5_15085-02_T_08_600_BW_03_02;;;;;
1;826;10;0,85;433,20;
2;130;10;1,18;94,65;
4;6;16;4,40;41,71;
5;2;16;5,50;17,38;
7;238;10;1,28;187,96;
8;20;12;2,20;39,07;
9;4;12;1,85;6,57;
10;12;12;2,50;26,64;
11;12;12;2,12;22,59;
14;16;12;1,52;21,60;
15;16;14;3,30;63,89;
16;2;16;6,70;21,17;
17;2;16;9,40;29,70;
18;14;16;4,15;91,80;
19;5;14;2,30;13,92;
20;2;12;6,70;11,90;
21;14;12;4,15;51,59;
22;8;12;4,40;31,26;
23;8;12;1,20;8,52;
112;VE;12;530,00;470,64;
3;14;10;1,72;14,86;
6;14;10;1,73;14,94;
12;38;10;2,28;53,46;
13;2;12;9,40;16,69;
Plan:P5_15085-02_T_08_601_BW_03_02;;;;;
1;32;16;6,00;303,36;
4;75;10;12,90;596,95;
5;30;10;2,80;51,83;
6;31;10;3,15;60,25;
7;13;10;8,75;70,18;
8;189;10;4,35;507,27;
9;20;10;3,35;41,34;
11;224;10;4,70;649,58;
12;34;10;5,65;118,53;
13;294;10;10,50;1904,68;
14;60;10;4,70;173,99;
15;68;10;11,15;467,81;
16;14;10;7,15;61,76;
17;38;10;2,20;51,58;
18;20;10;5,50;67,87;
19;19;10;3,50;41,03;
22;21;16;5,50;182,49;
23;10;16;7,65;120,87;
25;21;16;5,10;169,22;
26;13;16;8,20;168,43;
27;16;14;3,00;58,08;
28;4;14;3,60;17,42;
30;4;16;4,15;26,23;
31;4;16;2,90;18,33;
32;826;10;1,03;524,93;
2;203;16;5,00;1603,70;
24;17;16;8,05;216,22;
20;31;10;2,50;47,82;
29;54;14;2,30;150,28;
3;15;16;4,42;104,75;
10;19;10;5,55;65,06;
21;8;16;4,60;58,14;
33;7;10;1,17;5,05;
34;13;10;1,30;10,43;
35;7;10;0,83;3,58;
Plan:RNDlistopenDWGs;;;;;
1;276;10;5,75;979,18;
2;60;10;1,70;62,93;
3;224;10;1,64;226,66;
4;171;10;5,00;527,54;
5;64;8;2,03;51,32;
6;4;16;6,00;37,92;
7;4;16;9,90;62,57;
8;2;16;7,45;23,54;
9;2;16;8,45;26,70;
10;30;10;0,94;17,40;
11;15;12;4,11;54,75;
12;5;12;4,14;18,38;
13;114;10;7,20;506,43;
14;40;12;1,20;42,62;
15;40;10;1,19;29,37;
16;4;16;6,75;42,66;
17;4;14;2,59;12,54;
1;276;10;5,75;979,18;
2;60;10;1,70;62,93;
3;224;10;1,64;226,66;
4;171;10;5,00;527,54;
5;64;8;2,03;51,32;
6;4;16;6,00;37,92;
7;4;16;9,90;62,57;
8;2;16;7,45;23,54;
9;2;16;8,45;26,70;
10;30;10;0,94;17,40;
11;15;12;4,11;54,75;
12;5;12;4,14;18,38;
13;114;10;7,20;506,43;
14;40;12;1,20;42,62;
15;40;10;1,19;29,37;
16;4;16;6,75;42,66;
17;4;14;2,59;12,54;
RND_Brandwand;;;;;
Plan:P5_15085-02_T_08_610_BW_EUB_02;;;;;
1;60;12;0,88;46,89;
2;24;10;1,66;24,58;
10;15;12;9,70;129,20;
12;40;12;0,90;31,97;
14;4;20;4,40;43,47;
19;2;16;4,05;12,80;
201;24;14;0,80;23,23;
20;18;12;2,12;33,89;
3;15;10;1,46;13,51;
4;139;10;2,22;190,39;
5;8;16;7,25;91,64;
6;4;14;4,70;22,75;
8;21;12;1,38;25,73;
9;4;12;3,60;12,79;
13;4;20;4,80;47,42;
15;4;20;4,70;46,44;
16;15;12;7,25;96,57;
17;12;10;1,72;12,73;
18;9;12;3,00;23,98;
7;16;16;5,70;144,10;
11;177;10;1,13;123,41;
Plan:RNDlistopenDWGs;;;;;
1;276;10;5,75;979,18;
2;60;10;1,70;62,93;
3;224;10;1,64;226,66;
4;171;10;5,00;527,54;
5;64;8;2,03;51,32;
6;4;16;6,00;37,92;
7;4;16;9,90;62,57;
8;2;16;7,45;23,54;
9;2;16;8,45;26,70;
10;30;10;0,94;17,40;
11;15;12;4,11;54,75;
12;5;12;4,14;18,38;
13;114;10;7,20;506,43;
14;40;12;1,20;42,62;
15;40;10;1,19;29,37;
16;4;16;6,75;42,66;
17;4;14;2,59;12,54;
1;276;10;5,75;979,18;
2;60;10;1,70;62,93;
3;224;10;1,64;226,66;
4;171;10;5,00;527,54;
5;64;8;2,03;51,32;
6;4;16;6,00;37,92;
7;4;16;9,90;62,57;
8;2;16;7,45;23,54;
9;2;16;8,45;26,70;
10;30;10;0,94;17,40;
11;15;12;4,11;54,75;
12;5;12;4,14;18,38;
13;114;10;7,20;506,43;
14;40;12;1,20;42,62;
15;40;10;1,19;29,37;
16;4;16;6,75;42,66;
17;4;14;2,59;12,54;
RND_GerÑtefundamente;;;;;
Plan:P5_15085-02_T_08_472_BW_U2_00;;;;;
1;76;8;1,20;36,02;
2;108;8;1,78;75,93;
3;40;8;3,25;51,35;
4;68;8;2,75;73,86;
5;82;8;2,78;90,04;
6;57;8;2,40;54,04;
7;36;8;3,90;55,46;
12;13;10;2,54;20,37;
13;16;10;2,40;23,69;
14;112;8;3,20;141,57;
16;60;8;1,18;27,97;
17;16;10;1,48;14,61;
18;27;10;2,50;41,65;
19;16;10;3,25;32,08;
20;84;12;2,87;214,08;
21;36;12;4,00;127,87;
22;36;12;2,00;63,94;
28;8;12;3,75;26,64;
8;26;8;3,60;36,97;
10;18;8;1,20;8,53;
11;10;8;2,80;11,06;
24;10;8;1,55;6,12;
25;18;8;4,10;29,15;
27;68;8;2,55;68,49;
29;49;8;0,90;17,42;
30;10;8;3,25;12,84;
9;98;8;1,75;67,74;
15;136;8;3,75;201,45;
23;4;10;1,70;4,20;
26;4;10;2,60;6,42;
Plan:P5_15085-02_T_08_598_BW_03_00;;;;;
1;448;8;2,90;513,18;
2;110;8;1,08;46,93;
3;80;8;6,85;216,46;
4;80;8;7,45;235,42;
5;44;8;2,60;45,19;
6;18;8;5,45;38,75;
7;17;8;1,76;11,82;
8;12;8;2,58;12,23;
9;34;8;2,18;29,28;
10;28;8;2,60;28,76;
11;100;8;1,92;75,84;
12;24;8;6,40;60,67;
13;34;6;2,54;19,17;
14;42;6;2,14;19,95;
15;16;20;0,80;31,62;
Plan:P5_15085-02_T_08_602_BW_03_00;;;;;
1;60;12;2,36;125,74;
2;60;12;1,87;99,63;
3;32;12;2,00;56,83;
4;120;12;1,45;154,51;
6;12;14;1,45;21,05;
7;12;12;0,88;9,38;
8;12;12;0,90;9,59;
9;12;12;0,86;9,16;
10;6;12;1,47;7,83;
11;6;12;1,02;5,43;
12;8;12;1,20;8,52;
5;120;12;1,40;149,18;
13;12;12;1,39;14,81;
Plan:RNDlistopenDWGs;;;;;
1;276;10;5,75;979,18;
2;60;10;1,70;62,93;
3;224;10;1,64;226,66;
4;171;10;5,00;527,54;
5;64;8;2,03;51,32;
6;4;16;6,00;37,92;
7;4;16;9,90;62,57;
8;2;16;7,45;23,54;
9;2;16;8,45;26,70;
10;30;10;0,94;17,40;
11;15;12;4,11;54,75;
12;5;12;4,14;18,38;
13;114;10;7,20;506,43;
14;40;12;1,20;42,62;
15;40;10;1,19;29,37;
16;4;16;6,75;42,66;
17;4;14;2,59;12,54;
1;276;10;5,75;979,18;
2;60;10;1,70;62,93;
3;224;10;1,64;226,66;
4;171;10;5,00;527,54;
5;64;8;2,03;51,32;
6;4;16;6,00;37,92;
7;4;16;9,90;62,57;
8;2;16;7,45;23,54;
9;2;16;8,45;26,70;
10;30;10;0,94;17,40;
11;15;12;4,11;54,75;
12;5;12;4,14;18,38;
13;114;10;7,20;506,43;
14;40;12;1,20;42,62;
15;40;10;1,19;29,37;
16;4;16;6,75;42,66;
17;4;14;2,59;12,54;
RND_01_Bodenplatte;;;;;
Plan:P5_15085-02_T_08_440_BW_EUB_00;;;;;
Plan:P5_15085-02_T_08_441_BW_EUB_00;;;;;
1;27;16;5,82;248,28;
2;35;16;5,09;281,48;
3;21;16;4,22;140,02;
4;28;16;3,49;154,40;
5;34;14;3,40;139,88;
6;30;14;2,70;98,01;
7;65;16;3,27;335,83;
8;29;16;3,17;145,25;
9;36;16;3,08;175,19;
10;20;14;2,70;65,34;
11;16;14;2,00;38,72;
12;26;14;3,80;119,55;
13;27;14;3,10;101,28;
14;87;12;5,55;428,77;
15;7;12;2,40;14,92;
16;3;16;2,70;12,80;
17;12;14;1,50;21,78;
18;4;16;3,50;22,12;
112;VE;12;100,00;88,80;
Plan:P5_15085-02_T_08_442_BW_EUB_00;;;;;
1;88;16;3,49;485,25;
2;47;16;5,67;421,05;
3;7;16;3,15;34,84;
4;7;16;5,35;59,17;
5;30;16;1,85;87,69;
6;13;14;5,15;81,01;
7;18;14;3,00;65,34;
8;16;16;2,70;68,26;
9;222;14;3,82;1026,13;
10;46;14;4,02;223,75;
11;52;14;4,25;267,41;
12;26;14;4,28;134,65;
13;26;14;4,08;128,36;
14;26;14;2,88;90,60;
15;26;14;2,48;78,02;
16;6;16;2,25;21,33;
17;1;16;1,60;2,53;
18;31;14;1,90;71,27;
201;13;14;0,50;7,87;
Plan:P5_15085-02_T_08_443_BW_EUB_00;;;;;
1;27;16;4,97;212,02;
2;25;16;5,18;204,61;
3;15;16;3,25;77,03;
4;19;16;3,25;97,57;
5;7;14;2,45;20,75;
6;7;14;2,65;22,45;
7;5;14;3,50;21,18;
8;5;14;3,85;23,29;
9;5;14;3,75;22,69;
10;5;14;4,10;24,80;
11;7;14;1,50;12,70;
12;5;14;2,00;12,10;
13;5;14;2,70;16,34;
14;1;16;2,90;4,58;
15;36;14;4,69;204,30;
16;25;14;4,81;145,50;
17;32;14;5,42;209,86;
18;32;16;9,97;504,08;
19;35;16;7,50;414,75;
20;18;16;7,83;222,69;
21;130;16;5,32;1092,73;
22;33;16;2,50;130,35;
23;20;16;2,96;93,54;
24;62;14;3,75;281,33;
25;17;14;3,00;61,71;
26;17;14;3,00;61,71;
27;17;14;4,80;98,74;
28;14;14;9,45;160,08;
29;62;14;3,92;294,08;
32;1;16;8,75;13,83;
33;5;16;6,00;47,40;
34;2;16;1,75;5,53;
35;70;14;1,90;160,93;
36;1;16;3,00;4,74;
112;VE;12;100,00;88,80;
30;89;14;4,34;467,37;
31;49;14;4,42;262,06;
Plan:P5_15085-02_T_08_444_BW_EUB_01;;;;;
1;57;16;2,16;194,53;
2;99;16;2,66;416,08;
3;58;16;4,41;404,13;
4;58;16;5,91;541,59;
5;56;16;10,56;934,35;
6;50;16;13,00;1027,00;
7;220;16;12,00;4171,20;
8;15;16;5,51;130,59;
9;9;16;8,75;124,43;
10;34;16;7,00;376,04;
11;41;16;6,50;421,07;
12;90;16;14,00;1990,80;
13;32;16;2,82;142,58;
14;327;16;5,42;2800,30;
15;20;16;6,30;199,08;
16;51;16;4,35;350,52;
17;132;16;9,35;1950,04;
18;87;16;2,20;302,41;
19;22;20;9,50;516,23;
20;3;20;5,85;43,35;
21;3;20;9,00;66,69;
22;3;20;11,70;86,70;
23;3;20;8,50;62,99;
24;3;20;13,00;96,33;
25;112;16;8,00;1415,68;
26;274;14;2,96;981,36;
27;33;14;2,75;109,81;
28;8;16;3,22;40,70;
29;7;16;5,95;65,81;
30;5;16;2,45;19,36;
31;5;16;3,20;25,28;
32;5;16;1,55;12,25;
33;5;16;2,10;16,59;
34;5;16;2,10;16,59;
35;5;16;2,30;18,17;
36;1;16;2,60;4,11;
37;8;14;8,75;84,70;
38;8;14;3,60;34,85;
39;4;14;2,40;11,62;
40;12;14;1,30;18,88;
41;4;14;2,90;14,04;
42;4;14;1,55;7,50;
43;516;14;2,92;1823,13;
44;95;14;3,92;450,60;
46;20;12;2,90;51,50;
47;57;14;2,90;200,01;
49;390;14;2,80;1321,32;
50;442;14;2,00;1069,64;
51;54;16;3,30;281,56;
52;111;16;2,50;438,45;
54;100;12;1,75;155,40;
55;26;14;2,12;66,70;
56;13;16;8,39;172,33;
57;136;16;6,25;1343,00;
58;38;16;9,65;579,39;
59;263;16;2,90;1205,07;
60;201;16;7,05;2238,94;
61;37;16;12,70;742,44;
62;49;16;8,15;630,97;
63;143;16;7,75;1751,04;
64;44;16;4,65;323,27;
65;21;16;3,70;122,77;
66;43;16;10,60;720,16;
67;15;16;5,44;128,93;
68;7;16;8,70;96,22;
69;25;16;10,35;408,83;
70;250;12;2,18;483,96;
71;6;14;8,35;60,62;
72;8;14;2,50;24,20;
73;16;14;8,00;154,88;
74;8;14;4,50;43,56;
75;8;14;11,75;113,74;
76;8;14;13,00;125,84;
77;29;16;12,65;579,62;
78;2;16;9,00;28,44;
79;2;16;7,40;23,38;
80;5;16;5,00;39,50;
81;5;16;10,25;80,98;
82;864;14;1,88;1965,43;
83;18;14;11,00;239,58;
84;22;14;6,50;173,03;
85;10;20;6,65;164,26;
112;VE;12;1000,00;888,00;
45;272;12;2,85;688,38;
48;202;14;2,85;696,60;
53;134;14;1,75;283,75;
86;25;14;2,19;66,25;
55;35;14;2,12;89,78;
Plan:P5_15085-02_T_08_445_BW_EUB_00;;;;;
1;64;16;4,26;430,77;
2;63;16;6,76;672,89;
3;12;16;4,28;81,15;
4;12;16;6,78;128,55;
5;163;16;11,20;2884,45;
6;12;16;12,35;234,16;
7;12;16;4,65;88,16;
8;6;16;8,70;82,48;
9;24;20;4,03;238,90;
10;10;20;6,43;158,82;
11;11;20;9,48;257,57;
12;24;20;10,00;592,80;
13;130;16;12,00;2464,80;
14;22;16;6,40;222,46;
15;108;16;8,75;1493,10;
16;5;14;7,00;42,35;
17;5;14;7,70;46,59;
19;2;16;3,25;10,27;
20;2;16;13,00;41,08;
21;22;14;5,73;152,53;
22;110;14;3,38;449,88;
23;71;14;2,46;211,34;
24;152;14;2,86;526,01;
25;230;16;3,20;1162,88;
26;399;14;2,00;965,58;
27;40;12;1,70;60,38;
28;169;12;2,67;400,69;
29;68;12;2,72;164,24;
30;88;12;2,97;232,09;
31;3;20;8,50;62,99;
32;3;20;13,00;96,33;
33;3;20;9,50;70,40;
34;6;20;8,00;118,56;
35;3;20;5,75;42,61;
36;93;16;12,50;1836,75;
37;3;12;2,18;5,81;
38;28;10;2,10;36,28;
39;8;16;2,20;27,81;
40;3;8;1,50;1,78;
41;70;14;2,62;221,91;
42;140;14;3,02;511,59;
43;139;16;6,00;1317,72;
44;66;16;8,30;865,52;
45;71;16;10,15;1138,63;
46;46;16;10,60;770,41;
47;22;16;7,25;252,01;
48;86;16;8,05;1093,83;
49;42;16;4,90;325,16;
50;79;16;13,30;1660,11;
51;14;16;8,05;178,07;
52;14;16;7,00;154,84;
53;13;16;3,85;79,08;
54;12;16;5,20;98,59;
55;78;20;3,75;722,48;
56;55;20;6,90;937,37;
57;11;25;3,50;148,23;
58;11;25;9,00;381,15;
59;11;25;10,10;427,74;
60;43;12;1,25;47,73;
62;5;20;6,00;74,10;
63;5;20;11,50;142,03;
64;10;14;1,80;21,78;
65;14;16;2,20;48,66;
67;24;14;2,00;58,08;
68;18;16;2,20;62,57;
71;15;14;14,00;254,10;
72;66;12;2,22;130,11;
73;20;16;3,45;109,02;
74;21;16;9,00;298,62;
75;4;16;5,90;37,29;
76;8;16;6,50;82,16;
77;4;16;4,00;25,28;
78;120;14;1,50;217,80;
79;72;14;1,54;134,16;
80;403;14;1,70;828,97;
81;10;20;2,40;59,28;
66;8;12;1,53;10,87;
69;28;12;1,47;36,55;
70;4;12;1,37;4,87;
112;VE;12;500,00;444,00;
61;15;20;5,00;185,25;
18;2;16;3,45;10,90;
201;30;16;1,25;59,25;
202;8;20;1,50;29,64;
Plan:P5_15085-02_T_08_446_BW_EUB_00;;;;;
1;123;16;11,20;2176,61;
2;41;16;7,70;498,81;
5;14;20;10,00;345,80;
6;13;20;13,00;417,43;
7;84;14;3,56;361,84;
9;13;14;8,70;136,85;
10;8;14;3,20;30,98;
11;48;14;6,95;403,66;
12;5;14;2,20;13,31;
13;3;14;3,80;13,79;
14;2;14;2,85;6,90;
15;6;16;11,85;112,34;
16;4;14;2,00;9,68;
17;1;14;2,53;3,06;
18;1;14;2,29;2,77;
19;1;14;1,96;2,37;
20;3;14;2,35;8,53;
21;6;14;3,16;22,94;
23;118;14;2,64;376,94;
24;236;14;3,04;868,10;
26;14;14;4,65;78,77;
29;103;16;13,45;2188,85;
31;79;16;3,20;399,42;
32;159;14;2,00;384,78;
33;254;12;2,67;602,22;
34;68;12;2,72;164,24;
35;64;12;2,22;126,17;
36;38;16;2,40;144,10;
38;3;8;1,50;1,78;
39;3;20;10,50;77,81;
40;6;20;8,00;118,56;
43;11;25;12,00;508,20;
44;7;16;9,60;106,18;
45;68;20;3,75;629,85;
46;35;20;6,90;596,51;
47;26;20;2,90;186,24;
48;79;16;7,85;979,84;
49;40;16;4,70;297,04;
50;121;16;13,80;2638,28;
51;31;16;11,75;575,52;
52;11;16;8,75;152,08;
55;27;12;1,25;29,97;
56;5;20;11,85;146,35;
57;5;20;5,00;61,75;
58;28;12;1,47;36,55;
59;18;16;2,20;62,57;
60;24;14;2,00;58,08;
61;4;12;1,40;4,97;
63;8;14;12,70;122,94;
64;7;16;9,80;108,39;
112;VE;12;250,00;222,00;
201;13;14;0,90;14,16;
22;101;14;3,10;378,85;
25;17;14;2,80;57,60;
27;5;14;3,90;23,60;
28;32;14;3,28;127,00;
30;97;16;6,10;934,89;
37;36;12;1,65;52,75;
62;6;16;2,15;20,38;
65;470;14;1,70;966,79;
3;21;16;4,05;134,38;
4;45;16;1,80;127,98;
41;113;16;10,60;1892,52;
42;96;16;7,35;1114,85;
53;29;16;7,75;355,11;
54;15;16;11,70;277,29;
8;74;12;3,26;214,22;
66;11;14;2,50;33,28;
202;10;20;1,50;37,05;
203;24;16;1,25;47,40;
Plan:P5_15085-02_T_08_447_BW_EUB_00;;;;;
1;48;16;4,11;311,70;
2;48;16;6,61;501,30;
3;27;16;6,91;294,78;
4;16;16;3,51;88,73;
5;14;16;6,50;143,78;
6;13;16;4,00;82,16;
7;96;16;11,20;1698,82;
8;21;16;2,18;72,33;
9;87;16;12,00;1649,52;
10;41;16;8,75;566,83;
11;56;16;7,00;619,36;
12;44;16;3,75;260,70;
13;14;14;14,00;237,16;
14;108;16;3,20;546,05;
15;265;14;2,00;641,30;
16;14;16;2,60;57,51;
17;18;12;1,70;27,17;
18;173;12;2,67;410,18;
19;74;14;3,17;283,84;
20;13;16;4,07;83,60;
21;3;20;12,50;92,63;
22;3;20;10,00;74,10;
23;3;20;11,75;87,07;
24;3;20;9,50;70,40;
25;8;20;8,00;158,08;
26;3;12;2,18;5,81;
27;28;10;2,10;36,28;
28;5;20;9,85;121,65;
29;197;16;9,35;2910,28;
30;119;16;8,25;1551,17;
31;21;16;6,65;220,65;
32;116;16;7,75;1420,42;
33;20;16;4,90;154,84;
34;20;16;11,75;371,30;
35;41;16;8,90;576,54;
36;76;16;6,00;720,48;
37;51;16;4,50;362,61;
38;48;16;2,50;189,60;
39;22;16;6,05;210,30;
40;91;12;2,18;176,16;
41;16;14;3,25;62,92;
42;20;14;1,75;42,35;
43;32;16;2,00;101,12;
44;8;12;1,39;9,87;
45;12;12;1,37;14,60;
46;54;14;1,70;111,08;
47;261;14;1,54;486,35;
48;119;14;1,50;215,99;
49;9;20;3,75;83,36;
50;24;12;1,25;26,64;
51;13;14;1,68;26,43;
52;8;12;2,50;17,76;
112;VE;12;350,00;310,80;
201;10;16;1,25;19,75;
202;8;20;1,50;29,64;
Plan:P5_15085-02_T_08_448_BW_EUB_00_T1;;;;;
1;23;16;12,25;445,17;
2;14;16;8,80;194,66;
3;12;16;4,50;85,32;
4;27;16;7,00;298,62;
5;22;20;3,94;214,10;
6;11;20;5,28;143,46;
7;10;20;10,78;266,27;
8;11;20;11,91;323,59;
9;10;20;6,41;158,33;
10;2;16;12,50;39,50;
11;2;16;3,25;10,27;
12;2;16;3,40;10,74;
13;48;16;5,65;428,50;
14;60;16;6,98;661,70;
15;22;16;4,68;162,68;
16;77;14;3,38;314,91;
17;8;14;2,80;27,10;
18;20;14;5,67;137,21;
19;29;14;4,35;152,64;
20;32;16;2,70;136,51;
21;33;16;3,40;177,28;
22;6;14;6,00;43,56;
23;153;14;2,48;459,12;
24;306;14;2,88;1066,35;
25;167;16;3,20;844,35;
26;160;14;2,00;387,20;
27;5;14;8,50;51,43;
28;5;14;3,75;22,69;
29;5;14;3,00;18,15;
30;10;14;2,50;30,25;
31;3;20;5,00;37,05;
32;3;20;8,00;59,28;
33;29;12;2,87;73,91;
34;70;14;3,27;276,97;
35;32;12;3,37;95,76;
36;7;16;4,07;45,01;
37;12;16;14,00;265,44;
38;5;16;4,65;36,74;
39;52;16;12,40;1018,78;
40;37;16;3,05;178,30;
41;22;25;9,25;783,48;
42;11;25;3,50;148,23;
43;71;20;3,75;657,64;
44;57;20;6,90;971,45;
45;53;16;7,00;586,18;
46;45;16;4,10;291,51;
47;18;16;5,30;150,73;
48;9;16;2,40;34,13;
49;26;16;3,70;152,00;
50;8;14;8,50;82,28;
51;8;14;3,65;35,33;
52;8;14;4,00;38,72;
53;16;14;3,00;58,08;
54;8;14;6,80;65,82;
55;78;12;2,20;152,38;
56;31;12;2,18;60,01;
57;12;14;1,50;21,78;
58;10;14;1,80;21,78;
59;12;16;1,65;31,28;
60;5;16;2,00;15,80;
61;20;12;1,40;24,86;
62;4;16;2,80;17,70;
63;2;16;5,20;16,43;
64;2;16;12,50;39,50;
65;4;16;10,50;66,36;
66;142;14;1,52;261,17;
67;9;14;1,64;17,86;
112;VE;12;180,00;159,84;
68;31;12;2,82;77,63;
40;30;16;3,05;144,57;
Plan:RNDlistopenDWGs;;;;;
1;276;10;5,75;979,18;
2;60;10;1,70;62,93;
3;224;10;1,64;226,66;
4;171;10;5,00;527,54;
5;64;8;2,03;51,32;
6;4;16;6,00;37,92;
7;4;16;9,90;62,57;
8;2;16;7,45;23,54;
9;2;16;8,45;26,70;
10;30;10;0,94;17,40;
11;15;12;4,11;54,75;
12;5;12;4,14;18,38;
13;114;10;7,20;506,43;
14;40;12;1,20;42,62;
15;40;10;1,19;29,37;
16;4;16;6,75;42,66;
17;4;14;2,59;12,54;
1;276;10;5,75;979,18;
2;60;10;1,70;62,93;
3;224;10;1,64;226,66;
4;171;10;5,00;527,54;
5;64;8;2,03;51,32;
6;4;16;6,00;37,92;
7;4;16;9,90;62,57;
8;2;16;7,45;23,54;
9;2;16;8,45;26,70;
10;30;10;0,94;17,40;
11;15;12;4,11;54,75;
12;5;12;4,14;18,38;
13;114;10;7,20;506,43;
14;40;12;1,20;42,62;
15;40;10;1,19;29,37;
16;4;16;6,75;42,66;
17;4;14;2,59;12,54;
RND_02_WÑnde 2;;;;;
Plan:P5_15085-02_T_08_450_BW_U2_00;;;;;
Plan:P5_15085-02_T_08_451_BW_U2_00;;;;;
1;8;16;5,75;72,68;
2;8;16;4,85;61,30;
3;68;8;1,68;45,12;
4;34;8;1,12;15,04;
Plan:P5_15085-02_T_08_452_BW_U2_02;;;;;
1;71;12;5,35;337,31;
2;50;20;5,35;660,73;
3;177;12;2,42;380,37;
4;72;10;1,29;57,31;
5;23;14;5,35;148,89;
6;100;10;0,42;25,91;
7;23;14;7,45;207,33;
8;89;12;7,45;588,79;
9;32;16;7,45;376,67;
10;120;8;0,44;20,86;
11;41;12;3,12;113,59;
12;73;8;1,25;36,04;
13;2;14;1,80;4,36;
14;6;12;2,75;14,65;
15;30;12;2,92;77,79;
16;35;10;0,40;8,64;
17;43;12;5,32;203,14;
18;30;12;4,04;107,63;
19;8;14;4,55;44,04;
20;24;12;8,45;180,09;
21;18;12;2,73;43,64;
22;8;25;5,35;164,78;
23;6;12;4,30;22,91;
24;35;8;1,29;17,83;
25;12;12;6,55;69,80;
26;32;12;2,20;62,52;
27;180;8;0,43;30,57;
28;60;12;2,33;124,14;
29;68;12;3,35;202,29;
30;121;20;4,55;1359,86;
31;113;12;1,83;183,63;
32;131;12;4,15;482,76;
33;24;12;2,40;51,15;
34;48;12;1,35;57,54;
35;60;12;8,00;426,24;
36;12;12;7,30;77,79;
37;60;10;1,40;51,83;
38;22;16;4,55;158,16;
39;36;12;1,49;47,63;
40;8;25;4,30;132,44;
41;15;14;4,60;83,49;
42;6;14;2,25;16,34;
43;17;14;5,65;116,22;
44;21;12;5,65;105,36;
201;8;20;1,50;29,64;
Plan:P5_15085-02_T_08_453_BW_U2_00_T1;;;;;
201;4;16;0,54;3,41;
1;8;14;4,55;44,04;
2;171;12;4,15;630,17;
3;146;20;4,55;1640,82;
4;90;12;2,33;186,21;
5;49;16;4,55;352,26;
6;72;12;9,45;604,20;
7;72;12;8,75;559,44;
8;5;12;2,00;8,88;
9;162;10;1,40;139,94;
10;135;12;1,83;219,38;
11;28;16;3,00;132,72;
12;48;8;1,25;23,70;
13;24;12;1,90;40,49;
14;4;14;3,50;16,94;
15;16;20;2,50;98,80;
16;7;12;5,50;34,19;
17;40;8;1,29;20,38;
18;40;10;0,40;9,87;
19;220;8;0,43;37,37;
20;8;12;2,40;17,05;
21;16;12;1,35;19,18;
22;72;12;2,50;159,84;
23;4;14;1,90;9,20;
4;30;12;2,33;62,07;
Plan:P5_15085-02_T_08_454_BW_U2_03;;;;;
201;18;12;0,60;9,59;
202;2;16;0,54;1,71;
203;22;12;0,55;10,74;
1;64;12;8,50;483,07;
2;72;12;7,50;479,52;
3;148;12;9,35;1228,81;
4;58;12;6,40;329,63;
5;18;12;4,35;69,53;
6;45;12;2,33;93,11;
7;5;14;5,40;32,67;
8;66;12;2,13;124,84;
9;146;20;4,75;1712,95;
10;81;20;4,90;980,34;
11;48;12;4,60;196,07;
12;164;12;5,65;822,82;
13;81;12;5,75;413,59;
14;4;14;5,80;28,07;
15;22;12;2,30;44,93;
16;10;8;0,39;1,54;
17;6;12;4,50;23,98;
18;6;12;5,20;27,71;
19;19;12;1,43;24,13;
20;24;12;2,50;53,28;
21;20;14;2,00;48,40;
22;245;12;1,80;391,61;
23;83;8;1,25;40,98;
24;20;14;2,60;62,92;
25;46;16;3,50;254,38;
26;38;16;5,00;300,20;
27;4;20;3,60;35,57;
28;12;20;4,00;118,56;
29;8;20;4,60;90,90;
30;8;20;4,75;93,86;
31;720;8;0,49;139,36;
32;28;12;2,48;61,66;
33;8;8;1,33;4,20;
34;10;12;2,40;21,31;
35;20;12;1,35;23,98;
36;34;12;3,32;100,24;
37;152;12;1,35;182,22;
38;8;14;2,15;20,81;
39;37;14;5,05;226,09;
40;21;12;5,05;94,17;
41;56;12;1,39;69,12;
42;71;12;2,02;127,36;
43;82;12;2,50;182,04;
44;4;14;1,75;8,47;
45;16;14;2,20;42,59;
46;8;12;1,74;12,36;
47;22;12;1,40;27,35;
48;26;8;0,77;7,91;
49;35;8;0,44;6,08;
50;30;10;1,45;26,84;
51;20;14;4,55;110,11;
52;16;12;4,55;64,65;
53;14;8;1,25;6,91;
54;8;10;2,67;13,18;
55;20;12;2,23;39,60;
56;7;12;3,65;22,69;
57;31;12;3,90;107,36;
58;25;20;4,30;265,53;
59;1;20;5,40;13,34;
60;4;20;6,50;64,22;
Plan:P5_15085-02_T_08_455_BW_U2_01;;;;;
201;35;12;0,70;21,76;
202;3;14;0,61;2,21;
2;37;12;6,90;226,71;
3;60;12;7,00;372,96;
6;8;16;3,20;40,45;
9;18;20;4,85;215,63;
10;37;12;0,90;29,57;
11;119;12;5,40;570,63;
12;119;20;5,40;1587,22;
13;15;12;2,25;29,97;
14;4;14;6,35;30,73;
15;140;8;0,49;27,10;
17;25;8;1,25;12,34;
18;260;8;0,54;55,46;
19;4;12;2,40;8,52;
20;8;12;1,35;9,59;
1;101;12;7,55;677,14;
4;28;12;6,40;159,13;
7;41;12;1,50;54,61;
8;48;12;4,65;198,20;
16;28;8;1,33;14,71;
21;6;12;3,90;20,78;
23;2;8;1,33;1,05;
5;16;14;2,50;48,40;
22;12;12;2,30;24,51;
Plan:P5_15085-02_T_08_456_BW_U2_00;;;;;
202;3;14;0,61;2,21;
203;13;16;0,97;19,92;
204;12;12;0,97;10,34;
201;64;12;0,60;34,10;
1;76;12;8,20;553,40;
2;76;12;6,50;438,67;
3;76;12;6,85;462,29;
4;16;12;5,50;78,14;
5;42;12;2,50;93,24;
6;137;20;4,85;1641,19;
7;90;12;4,70;375,62;
8;121;12;2,00;214,90;
9;31;14;2,30;86,27;
10;40;12;2,43;86,31;
11;17;12;2,20;33,21;
12;32;16;6,00;303,36;
13;73;8;1,25;36,04;
14;37;12;2,13;69,98;
15;440;8;0,49;85,16;
16;8;12;1,35;9,59;
17;8;12;2,40;17,05;
18;24;20;6,00;355,68;
19;39;12;4,50;155,84;
20;89;12;5,75;454,43;
21;2;16;4,00;12,64;
22;39;12;4,50;155,84;
110;VE;10;50,00;30,85;
Plan:P5_15085-02_T_08_457_BW_U2_01;;;;;
201;8;20;2,00;39,52;
202;26;16;1,50;61,62;
203;24;12;1,00;21,31;
1;80;12;6,50;461,76;
2;70;12;5,50;341,88;
3;98;12;4,15;361,15;
4;55;20;4,55;618,12;
5;65;12;1,83;105,63;
6;31;8;1,25;15,31;
7;22;8;1,29;11,21;
8;200;8;0,49;38,71;
9;13;12;1,90;21,93;
10;22;10;0,40;5,43;
11;4;16;5,50;34,76;
12;13;14;5,50;86,52;
13;6;14;4,15;30,13;
14;8;12;2,00;14,21;
201;8;20;2,00;39,52;
Plan:P5_15085-02_T_08_458_BW_U2_01;;;;;
1;32;12;6,90;196,07;
2;100;12;4,25;377,40;
3;34;12;7,40;223,42;
4;28;12;5,35;133,02;
5;28;12;5,35;133,02;
6;6;12;4,30;22,91;
7;36;12;1,43;45,71;
8;6;12;3,55;18,91;
9;6;12;1,90;10,12;
10;56;10;1,26;43,54;
11;38;12;2,02;68,16;
12;24;10;0,90;13,33;
13;38;10;1,16;27,20;
14;16;14;4,25;82,28;
15;8;14;2,20;21,30;
16;4;14;2,60;12,58;
17;6;14;2,60;18,88;
18;30;8;0,45;5,33;
19;34;12;3,95;119,26;
20;35;12;1,27;39,47;
21;16;12;3,65;51,86;
22;6;12;1,55;8,26;
23;24;16;4,00;151,68;
24;31;12;4,26;117,27;
25;15;12;3,30;43,96;
26;16;12;2,56;36,37;
27;15;12;3,36;44,76;
28;29;12;2,30;59,23;
29;8;20;7,40;146,22;
30;40;14;3,40;164,56;
31;43;10;1,20;31,84;
32;12;14;1,80;26,14;
33;52;14;1,40;88,09;
34;11;12;1,87;18,27;
35;60;8;0,42;9,95;
36;7;12;3,06;19,02;
37;19;12;1,32;22,27;
38;8;12;4,36;30,97;
39;20;14;8,35;202,07;
40;44;10;3,15;85,52;
41;44;10;2,75;74,66;
42;28;10;9,30;160,67;
43;78;10;1,25;60,16;
44;22;10;2,05;27,83;
45;14;16;4,25;94,01;
46;6;16;7,30;69,20;
47;32;8;0,47;5,94;
48;6;12;1,65;8,79;
49;6;14;2,95;21,42;
50;36;10;7,05;156,59;
51;26;10;8,40;134,75;
52;19;10;1,17;13,72;
53;82;10;4,25;215,02;
54;12;10;3,95;29,25;
55;2;16;4,94;15,61;
56;3;10;1,80;3,33;
57;3;16;3,37;15,97;
58;45;10;1,77;49,14;
59;6;12;1,52;8,10;
60;13;10;1,46;11,71;
61;6;20;8,35;123,75;
62;6;12;3,70;19,71;
63;18;12;5,20;83,12;
201;20;16;1,25;39,50;
202;10;16;2,65;41,87;
Plan:P5_15085-02_T_08_459_BW_U2_00;;;;;
1;74;10;4,50;205,46;
2;8;14;2,30;22,26;
3;9;20;6,80;151,16;
4;42;12;5,35;199,53;
5;20;10;8,70;107,36;
6;15;10;2,56;23,69;
7;17;10;3,16;33,15;
8;17;10;2,16;22,66;
9;12;14;5,50;79,86;
10;64;10;5,70;225,08;
11;4;10;2,15;5,31;
12;10;10;2,95;18,20;
13;18;12;3,45;55,14;
14;32;14;3,80;147,14;
15;44;12;1,85;72,28;
16;3;16;6,69;31,71;
17;12;12;2,60;27,71;
18;16;10;1,96;19,35;
19;5;12;2,02;8,97;
20;12;12;1,27;13,53;
21;22;12;3,60;70,33;
22;41;12;5,22;190,05;
23;24;10;5,40;79,96;
24;8;16;5,50;69,52;
25;30;10;1,77;32,76;
26;74;10;1,80;82,18;
27;6;10;3,95;14,62;
28;116;10;4,25;304,18;
29;39;8;0,47;7,24;
30;54;10;2,05;68,30;
31;16;10;1,20;11,85;
32;2;14;1,80;4,36;
33;16;14;1,40;27,10;
34;30;12;1,87;49,82;
35;40;8;0,42;6,64;
36;3;10;1,25;2,31;
37;40;12;1,32;46,89;
38;16;12;1,62;23,02;
201;12;16;3,60;68,26;
Plan:P5_15085-02_T_08_460_BW_U2_01;;;;;
201;8;16;2,00;25,28;
202;12;16;3,60;68,26;
1;68;12;4,35;262,67;
2;34;12;1,85;55,86;
3;58;12;4,25;218,89;
4;16;14;4,55;88,09;
5;30;12;2,02;53,81;
6;40;8;0,47;7,43;
7;8;12;1,27;9,02;
8;7;12;4,26;26,48;
9;84;10;4,25;220,27;
10;42;10;1,77;45,87;
11;16;14;3,80;73,57;
12;34;10;6,85;143,70;
13;34;10;8,40;176,22;
14;38;10;1,30;30,48;
15;14;14;1,40;23,72;
16;18;14;1,80;39,20;
17;12;10;1,27;9,40;
18;20;16;3,60;113,76;
19;20;10;2,80;34,55;
20;30;10;4,50;83,29;
21;19;12;1,32;22,27;
22;30;12;5,35;142,52;
23;4;14;5,50;26,62;
24;14;12;2,60;32,32;
25;4;14;2,40;11,62;
26;22;10;2,04;27,69;
27;30;10;1,35;24,99;
28;28;10;5,30;91,56;
29;35;8;3,65;50,46;
30;75;8;1,75;51,84;
31;18;10;1,72;19,10;
32;4;14;5,30;25,65;
33;14;8;1,52;8,41;
34;14;10;3,42;29,54;
35;8;14;1,90;18,39;
36;14;8;1,25;6,91;
37;40;8;1,70;26,86;
38;6;10;0,90;3,33;
Plan:P5_15085-02_T_08_461_BW_U2_01;;;;;
1;4;14;4,55;22,02;
2;114;12;4,30;435,30;
3;77;12;1,85;126,50;
4;56;12;10,45;519,66;
5;12;12;8,50;90,58;
6;57;12;2,02;102,24;
7;12;14;5,45;79,13;
8;16;14;2,85;55,18;
9;5;12;2,65;11,77;
10;14;12;3,50;43,51;
11;7;12;1,32;8,21;
12;7;12;2,82;17,53;
13;50;8;0,47;9,28;
14;6;10;0,99;3,66;
15;5;16;6,20;48,98;
16;14;14;4,30;72,84;
17;30;10;2,20;40,72;
18;18;10;2,34;25,99;
19;24;10;2,75;40,72;
20;8;12;3,08;21,88;
21;12;12;1,26;13,43;
22;8;14;1,40;13,55;
23;3;10;1,30;2,41;
24;8;12;3,95;28,06;
25;14;12;1,88;23,37;
26;10;8;0,42;1,66;
27;86;12;2,75;210,01;
28;4;12;2,00;7,10;
29;18;10;4,30;47,76;
30;18;10;5,35;59,42;
31;7;10;1,93;8,34;
Plan:P5_15085-02_T_08_462_BW_U2_00;;;;;
1;18;14;4,55;99,10;
2;162;10;4,30;429,80;
3;98;10;1,70;102,79;
4;58;10;4,15;148,51;
5;17;10;1,30;13,64;
6;8;14;4,30;41,62;
7;34;10;3,15;66,08;
8;17;10;2,90;30,42;
9;66;10;5,75;234,15;
10;94;10;1,78;103,24;
11;25;10;1,27;19,59;
12;4;12;3,60;12,79;
13;8;10;3,08;15,20;
14;4;14;3,00;14,52;
15;8;12;8,35;59,32;
16;5;12;2,20;9,77;
17;4;16;3,70;23,38;
18;6;10;1,75;6,48;
19;24;12;2,28;48,59;
20;50;10;2,10;64,79;
21;4;14;1,55;7,50;
22;8;14;2,00;19,36;
23;6;10;1,30;4,81;
24;21;10;1,52;19,69;
25;50;8;0,42;8,30;
26;56;10;2,25;77,74;
27;4;20;8,35;82,50;
28;5;10;0,94;2,90;
29;8;12;1,28;9,09;
201;10;20;2,70;66,69;
202;10;16;1,75;27,65;
Plan:P5_15085-02_T_08_463_BW_U2_00_T1;;;;;
2;46;12;5,00;204,24;
3;76;10;3,40;159,43;
4;216;10;1,75;233,23;
6;246;12;5,70;1245,15;
7;90;12;2,35;187,81;
8;35;12;2,93;91,06;
9;6;12;4,33;23,07;
10;72;10;2,30;102,18;
11;20;10;4,60;56,76;
12;56;10;8,25;285,05;
13;8;16;2,50;31,60;
14;26;10;2,20;35,29;
15;42;10;8,75;226,75;
17;4;16;2,50;15,80;
18;4;20;7,50;74,10;
19;8;20;4,00;79,04;
20;13;10;1,18;9,46;
21;37;10;9,75;222,58;
22;72;10;0,93;41,31;
23;105;8;0,47;19,49;
16;34;10;1,50;31,47;
24;36;12;1,50;47,95;
5;58;14;5,70;400,03;
25;6;16;5,70;54,04;
1;12;14;6,00;87,12;
26;4;16;6,25;39,50;
12;70;10;8,25;356,32;
Plan:P5_15085-02_T_08_464_BW_U2_01;;;;;
201;3;14;0,51;1,85;
1;38;14;5,80;266,68;
2;4;14;4,70;22,75;
3;86;12;5,50;420,02;
4;18;12;4,55;72,73;
5;46;12;2,95;120,50;
6;14;12;2,35;29,22;
7;6;12;3,35;17,85;
8;8;14;2,00;19,36;
9;10;12;1,87;16,61;
10;56;12;1,27;63,15;
11;30;10;9,50;175,84;
12;74;10;5,00;228,29;
13;8;10;4,50;22,21;
14;34;10;2,75;57,69;
15;12;16;3,70;70,15;
16;8;16;2,50;31,60;
17;4;16;3,00;18,96;
18;42;10;1,70;44,05;
19;46;10;1,20;34,06;
20;20;10;2,54;31,34;
21;22;10;1,76;23,89;
22;46;10;1,77;50,24;
23;90;8;0,42;14,93;
24;40;10;3,40;83,91;
25;96;8;3,40;128,93;
26;96;10;4,65;275,43;
Plan:P5_15085-02_T_08_465_BW_U2_00;;;;;
1;20;12;11,45;203,35;
2;46;10;11,45;324,97;
3;14;10;3,70;31,96;
4;18;10;6,85;76,08;
5;20;14;4,75;114,95;
6;182;12;4,55;735,35;
7;12;12;2,70;28,77;
8;26;12;2,12;48,95;
9;28;12;1,70;42,27;
10;88;12;1,85;144,57;
11;41;12;1,85;67,35;
12;28;10;1,35;23,32;
13;15;12;1,32;17,58;
14;28;14;1,40;47,43;
15;18;14;2,00;43,56;
16;5;12;2,09;9,28;
17;55;8;0,47;10,21;
18;144;10;4,55;404,26;
19;4;25;6,65;102,41;
20;10;10;4,17;25,73;
21;4;10;0,88;2,17;
22;3;10;3,27;6,05;
23;103;10;1,77;112,49;
24;20;10;2,66;32,82;
25;53;10;1,80;58,86;
26;72;10;13,15;584,18;
27;32;10;3,30;65,16;
28;38;10;1,30;30,48;
29;4;16;3,40;21,49;
30;2;10;1,40;1,73;
31;10;12;4,00;35,52;
32;12;10;0,82;6,07;
33;6;10;1,30;4,81;
34;70;8;0,42;11,61;
35;4;16;2,50;15,80;
36;20;14;5,00;121,00;
37;4;20;3,80;37,54;
38;4;20;3,80;37,54;
Plan:P5_15085-02_T_08_466_BW_U2_00;;;;;
1;272;12;4,65;1123,14;
2;58;10;1,80;64,41;
3;17;10;2,16;22,66;
4;63;10;1,30;50,53;
5;34;10;4,15;87,06;
6;34;10;4,40;92,30;
7;132;10;11,40;928,46;
8;16;16;3,00;75,84;
9;6;12;1,26;6,71;
10;76;12;1,77;119,45;
11;6;12;3,77;20,09;
12;9;12;5,07;40,52;
13;12;14;2,40;34,85;
14;12;12;1,70;18,12;
15;12;12;1,35;14,39;
16;4;16;11,40;72,05;
17;55;8;0,42;9,12;
18;50;10;1,85;57,07;
19;4;10;1,35;3,33;
20;4;12;1,32;4,69;
21;78;12;1,82;126,06;
22;55;8;0,47;10,21;
23;12;12;1,95;20,78;
Plan:P5_15085-02_T_08_467_BW_U2_01;;;;;
1;50;14;4,90;296,45;
2;16;14;4,40;85,18;
3;12;14;5,80;84,22;
4;150;10;4,65;430,36;
5;8;16;3,50;44,24;
6;36;16;2,50;142,20;
7;34;10;2,40;50,35;
8;118;10;7,00;509,64;
9;30;12;7,00;186,48;
10;30;12;7,65;203,80;
11;10;12;4,10;36,41;
12;17;10;2,30;24,12;
13;93;10;1,80;103,29;
14;33;10;1,20;24,43;
15;22;10;2,20;29,86;
16;22;10;2,90;39,36;
17;92;10;1,77;100,47;
18;7;10;4,97;21,47;
19;7;8;1,00;2,77;
20;4;14;7,00;33,88;
21;19;10;1,24;14,54;
22;3;10;3,86;7,14;
23;2;10;4,80;5,92;
24;6;10;2,16;8,00;
25;6;10;2,24;8,29;
26;135;8;0,42;22,40;
27;70;12;4,70;292,15;
28;66;12;2,55;149,45;
29;18;12;5,20;83,12;
30;17;12;3,95;59,63;
31;13;12;2,00;23,09;
32;29;12;1,90;48,93;
33;30;12;2,50;66,60;
34;69;12;1,36;83,33;
35;15;12;3,20;42,62;
36;18;12;9,75;155,84;
37;66;12;1,97;115,46;
38;6;14;5,57;40,44;
39;4;10;1,00;2,47;
40;5;12;1,90;8,44;
41;72;10;5,55;246,55;
42;20;14;2,00;48,40;
43;15;12;1,37;18,25;
44;12;10;1,17;8,66;
45;12;8;4,85;22,99;
46;32;8;2,20;27,81;
47;4;14;2,20;10,65;
48;32;8;1,36;17,19;
49;14;8;2,60;14,38;
50;7;8;1,07;2,96;
51;4;10;2,85;7,03;
52;6;16;2,50;23,70;
53;4;20;3,00;29,64;
54;4;8;0,92;1,45;
Plan:P5_15085-02_T_08_468_BW_U2_01;;;;;
201;4;16;2,00;12,64;
202;164;12;0,80;116,51;
1;28;16;5,80;256,59;
2;22;14;4,85;129,11;
3;12;14;5,80;84,22;
4;6;14;2,00;14,52;
5;148;12;4,70;617,69;
6;94;12;5,50;459,10;
7;36;10;3,75;83,30;
8;38;12;11,20;377,93;
9;26;12;3,65;84,27;
10;74;10;7,00;319,61;
11;16;8;0,60;3,79;
12;28;12;4,87;121,09;
13;10;12;3,57;31,70;
14;130;12;1,97;227,42;
15;4;16;7,00;44,24;
16;4;16;3,50;22,12;
17;36;10;1,20;26,65;
18;18;10;2,96;32,87;
19;18;10;2,06;22,88;
20;64;10;2,20;86,87;
21;34;10;1,80;37,76;
22;6;12;2,25;11,99;
23;125;8;0,42;20,74;
24;114;10;3,45;242,67;
25;22;12;3,45;67,40;
Plan:P5_15085-02_T_08_469_BW_U2_00;;;;;
1;22;14;5,80;154,40;
2;28;12;4,65;115,62;
3;50;12;5,55;246,42;
4;10;12;3,35;29,75;
5;36;10;2,05;45,53;
6;36;10;3,50;77,74;
7;38;10;7,20;168,81;
8;4;16;2,50;15,80;
9;185;10;1,70;194,05;
10;36;10;2,00;44,42;
11;9;12;1,97;15,74;
12;12;12;1,37;14,60;
13;4;14;7,20;34,85;
14;8;14;2,00;19,36;
15;90;8;0,42;14,93;
16;6;14;4,80;34,85;
17;76;10;5,50;257,91;
18;4;10;2,50;6,17;
19;8;10;3,30;16,29;
20;6;10;1,17;4,33;
21;18;10;1,36;15,10;
22;60;10;1,75;64,79;
23;74;10;3,80;173,50;
24;79;10;4,10;199,85;
25;4;16;2,00;12,64;
26;18;10;1,20;13,33;
27;42;10;1,77;45,87;
28;84;10;4,55;235,82;
29;74;10;4,10;187,20;
Plan:P5_15085-02_T_08_470_BW_U2_01;;;;;
1;64;14;5,80;449,15;
2;4;14;4,80;23,23;
3;72;10;4,60;204,35;
4;258;10;5,50;875,52;
5;60;14;2,00;145,20;
6;84;10;3,40;176,22;
7;64;12;8,50;483,07;
8;42;10;9,50;246,18;
9;32;10;8,80;173,75;
10;74;10;5,90;269,38;
11;76;10;2,70;126,61;
12;84;10;2,00;103,66;
14;21;10;1,80;23,32;
15;42;10;1,77;45,87;
16;8;20;4,50;88,92;
17;4;25;8,00;123,20;
18;42;10;0,88;22,80;
19;51;12;3,07;139,03;
20;46;12;2,25;91,91;
21;3;14;2,50;9,07;
22;4;10;1,36;3,36;
23;94;10;1,20;69,60;
24;30;10;1,17;21,66;
25;10;20;6,00;148,20;
26;175;8;0,42;29,03;
27;19;12;10,80;182,22;
28;19;12;8,40;141,72;
29;19;12;2,15;36,27;
30;25;12;1,50;33,30;
31;16;14;3,00;58,08;
32;4;16;4,50;28,44;
33;12;16;2,35;44,56;
34;40;10;1,60;39,49;
35;20;10;2,80;34,55;
37;50;10;4,40;135,74;
38;56;10;2,37;81,89;
39;27;10;4,27;71,13;
40;19;10;1,43;16,76;
41;18;10;1,64;18,21;
42;19;10;0,85;9,96;
43;37;10;0,88;20,09;
201;70;12;0,80;49,73;
202;81;12;0,53;38,12;
13;53;10;1,70;55,59;
36;48;12;2,30;98,04;
44;38;12;2,40;80,99;
Plan:P5_15085-02_T_08_471_BW_U2_01;;;;;
1;172;10;4,55;482,86;
2;262;10;6,40;1034,59;
3;86;10;1,78;94,45;
4;86;12;4,55;347,47;
5;36;10;1,70;37,76;
6;43;12;1,98;75,60;
7;4;10;1,18;2,91;
8;6;10;1,20;4,44;
9;8;14;1,75;16,94;
10;90;8;0,42;14,93;
11;2;10;4,20;5,18;
201;204;12;1,10;199,27;
Plan:RNDlistopenDWGs;;;;;
1;276;10;5,75;979,18;
2;60;10;1,70;62,93;
3;224;10;1,64;226,66;
4;171;10;5,00;527,54;
5;64;8;2,03;51,32;
6;4;16;6,00;37,92;
7;4;16;9,90;62,57;
8;2;16;7,45;23,54;
9;2;16;8,45;26,70;
10;30;10;0,94;17,40;
11;15;12;4,11;54,75;
12;5;12;4,14;18,38;
13;114;10;7,20;506,43;
14;40;12;1,20;42,62;
15;40;10;1,19;29,37;
16;4;16;6,75;42,66;
17;4;14;2,59;12,54;
1;276;10;5,75;979,18;
2;60;10;1,70;62,93;
3;224;10;1,64;226,66;
4;171;10;5,00;527,54;
5;64;8;2,03;51,32;
6;4;16;6,00;37,92;
7;4;16;9,90;62,57;
8;2;16;7,45;23,54;
9;2;16;8,45;26,70;
10;30;10;0,94;17,40;
11;15;12;4,11;54,75;
12;5;12;4,14;18,38;
13;114;10;7,20;506,43;
14;40;12;1,20;42,62;
15;40;10;1,19;29,37;
16;4;16;6,75;42,66;
17;4;14;2,59;12,54;
RND_03_Decke 2;;;;;
Plan:P5_15085-02_T_08_480_BW_U2_00;;;;;
Plan:P5_15085-02_T_08_481_BW_U2_01;;;;;
1;183;12;13,10;2128,80;
4;46;12;5,00;204,24;
5;39;12;5,75;199,13;
6;32;12;3,20;90,93;
8;84;14;7,95;808,04;
10;229;12;8,40;1708,16;
11;94;12;4,50;375,62;
12;92;12;7,60;620,89;
13;243;12;11,50;2481,52;
14;103;12;3,80;347,56;
15;80;14;8,40;813,12;
16;26;20;3,75;240,83;
17;78;12;2,47;171,08;
18;446;12;2,44;966,36;
19;17;12;2,02;30,49;
20;20;12;3,49;61,98;
21;4;16;11,15;70,47;
22;4;16;5,30;33,50;
23;2;16;7,15;22,59;
24;4;16;2,00;12,64;
25;5;20;5,70;70,40;
26;2;16;10,85;34,29;
27;2;16;3,65;11,53;
28;5;20;4,40;54,34;
29;4;16;4,85;30,65;
30;30;12;4,03;107,36;
32;16;12;2,94;41,77;
33;8;14;3,15;30,49;
36;2;14;7,95;19,24;
40;18;12;8,75;139,86;
41;4;16;9,25;58,46;
44;68;12;3,60;217,38;
51;4;14;1,85;8,95;
52;115;16;4,00;726,80;
53;84;12;7,00;522,14;
54;5;12;12,40;55,06;
55;331;12;1,96;576,10;
56;4;16;13,60;85,95;
57;17;12;1,67;25,21;
58;212;10;0,57;74,56;
59;50;14;0,57;34,49;
112;VE;12;400,00;355,20;
2;87;12;8,20;633,50;
3;5;12;9,90;43,96;
31;492;12;1,10;480,59;
45;8;16;3,70;46,77;
42;101;8;1,29;51,46;
47;8;14;2,15;20,81;
62;2;14;7,55;18,27;
63;2;14;3,40;8,23;
7;72;12;2,90;185,41;
35;19;8;1,25;9,38;
48;24;12;2,40;51,15;
49;48;12;1,35;57,54;
60;80;12;3,25;230,88;
61;16;12;7,30;103,72;
9;70;12;7,45;463,09;
34;52;12;1,29;59,57;
37;46;12;2,02;82,51;
38;109;12;1,62;156,80;
39;48;12;1,99;84,82;
43;28;12;1,65;41,03;
46;11;12;3,00;29,30;
50;28;12;1,35;33,57;
64;9;12;2,19;17,50;
65;24;12;1,52;32,39;
66;13;12;1,49;17,20;
67;11;12;2,90;28,33;
Plan:P5_15085-02_T_08_482_BW_U2_00;;;;;
1;174;14;3,30;694,78;
2;6;14;2,00;14,52;
3;6;14;2,18;15,83;
4;9;20;11,45;254,53;
5;4;12;9,90;35,16;
6;4;12;3,45;12,25;
7;4;12;4,50;15,98;
8;10;12;1,79;15,90;
9;92;12;2,40;196,07;
10;9;28;8,85;384,71;
11;3;20;3,68;27,27;
12;12;14;9,90;143,75;
13;7;20;10,85;187,60;
14;64;16;1,60;161,79;
15;24;8;1,76;16,68;
16;18;12;1,60;25,57;
17;7;20;12,00;207,48;
Plan:P5_15085-02_T_08_483_BW_U2_00;;;;;
1;146;10;11,00;990,90;
2;134;10;6,75;558,08;
3;30;10;8,40;155,48;
4;44;10;12,35;335,28;
5;96;10;10,50;621,94;
6;66;16;4,00;417,12;
7;22;20;5,00;271,70;
8;89;10;6,10;334,97;
9;89;10;5,80;318,50;
10;14;16;9,75;215,67;
11;69;16;4,75;517,85;
12;14;16;2,25;49,77;
13;25;16;8,45;333,78;
14;13;10;4,50;36,09;
15;24;16;11,15;422,81;
16;9;8;1,76;6,26;
17;18;16;1,90;54,04;
18;13;16;3,20;65,73;
19;4;20;5,85;57,80;
20;248;10;1,72;263,19;
21;14;10;2,22;19,18;
22;14;10;1,20;10,37;
23;36;12;1,70;54,35;
24;6;20;4,52;66,99;
25;6;16;4,52;42,85;
26;3;20;4,50;33,35;
27;3;16;4,50;21,33;
28;8;12;1,80;12,79;
29;10;10;7,00;43,19;
30;8;10;3,80;18,76;
31;10;10;9,80;60,47;
32;8;10;4,20;20,73;
33;4;16;2,30;14,54;
34;8;16;13,50;170,64;
35;4;12;2,29;8,13;
36;4;8;1,25;1,98;
37;8;12;0,75;5,33;
38;2;12;2,40;4,26;
39;4;12;1,35;4,80;
40;4;12;3,00;10,66;
41;3;14;2,90;10,53;
Plan:P5_15085-02_T_08_484_BW_U2_00;;;;;
1;185;14;4,00;895,40;
2;192;10;10,50;1243,87;
3;72;10;5,50;244,33;
4;24;10;4,10;60,71;
5;8;10;1,15;5,68;
6;16;10;1,19;11,75;
7;4;12;1,55;5,51;
8;44;10;9,20;249,76;
9;9;10;0,92;5,11;
10;2;12;2,10;3,73;
11;13;10;1,92;15,40;
12;8;10;2,74;13,52;
13;185;10;6,10;696,28;
14;48;10;9,35;276,91;
15;10;10;6,85;42,26;
16;90;10;4,45;247,11;
17;17;10;13,50;141,60;
18;4;28;11,25;217,35;
19;20;14;3,00;72,60;
20;13;16;3,20;65,73;
21;4;20;5,05;49,89;
112;VE;12;50,00;44,40;
22;14;10;1,20;10,37;
Plan:P5_15085-02_T_08_485_BW_U2_02;;;;;
1;528;10;1,74;566,85;
2;22;10;2,64;35,84;
3;541;10;1,72;574,13;
4;26;10;2,22;35,61;
5;20;10;1,20;14,81;
6;368;10;10,80;2452,20;
7;59;10;7,50;273,02;
8;133;10;5,95;488,26;
9;14;16;3,95;87,37;
10;90;10;1,97;109,39;
11;179;12;2,17;344,93;
12;19;10;6,90;80,89;
13;19;10;3,15;36,93;
14;142;10;6,45;565,11;
15;60;10;11,20;414,62;
16;22;10;10,00;135,74;
17;35;10;1,90;41,03;
18;26;10;7,25;116,30;
19;45;10;3,45;95,79;
20;34;10;5,60;117,48;
21;383;10;0,85;200,86;
22;71;10;1,95;85,42;
23;44;12;1,65;64,47;
24;43;10;8,65;229,49;
25;82;10;2,20;111,31;
26;22;10;10,40;141,17;
27;34;10;5,00;104,89;
28;31;12;2,22;61,11;
29;8;12;3,05;21,67;
30;26;12;2,40;55,41;
31;4;12;3,00;10,66;
32;4;12;3,50;12,43;
33;3;20;14,71;109,00;
34;2;20;14,70;72,62;
35;102;12;3,25;294,37;
36;264;10;2,73;444,68;
37;42;12;2,97;110,77;
38;10;16;6,61;104,44;
39;10;16;6,60;104,28;
40;7;10;1,40;6,05;
41;4;16;5,20;32,86;
42;2;20;6,86;33,89;
43;2;20;6,85;33,84;
44;59;10;1,55;56,42;
45;28;12;1,75;43,51;
46;6;12;1,30;6,93;
47;8;14;2,57;24,88;
48;4;20;3,76;37,15;
49;4;20;3,75;37,05;
50;41;12;4,32;157,28;
51;5;20;7,50;92,63;
52;8;16;3,00;37,92;
53;6;14;3,72;27,01;
54;5;20;5,00;61,75;
55;2;16;2,19;6,92;
56;22;10;3,57;48,46;
57;6;8;0,92;2,18;
58;8;10;1,62;8,00;
59;4;10;1,28;3,16;
60;20;14;2,00;48,40;
61;2;10;1,56;1,93;
62;3;10;1,02;1,89;
63;4;12;4,00;14,21;
64;22;16;2,50;86,90;
65;12;8;0,82;3,89;
66;12;8;1,30;6,16;
67;10;8;1,30;5,14;
68;12;8;0,96;4,55;
69;2;16;4,20;13,27;
70;3;16;4,44;21,05;
71;5;14;3,19;19,30;
72;2;16;4,26;13,46;
73;2;16;4,25;13,43;
74;4;14;4,00;19,36;
75;10;20;3,80;93,86;
76;7;12;3,32;20,64;
77;16;10;1,77;17,47;
78;34;10;3,48;73,00;
79;34;10;2,26;47,41;
80;5;10;7,10;21,90;
81;5;10;3,80;11,72;
112;VE;12;895,00;794,76;
Plan:P5_15085-02_T_08_486_BW_U2_01;;;;;
1;187;10;10,80;1246,09;
2;59;10;7,50;273,02;
3;241;10;10,55;1568,75;
4;110;10;6,00;407,22;
5;32;10;6,45;127,35;
6;64;10;6,80;268,52;
7;43;10;7,75;205,62;
8;97;10;2,00;119,70;
9;22;10;4,15;56,33;
10;7;10;2,40;10,37;
11;65;10;5,90;236,62;
12;29;10;7,10;127,04;
13;88;10;1,80;97,73;
14;26;10;3,45;55,34;
15;34;10;6,25;131,11;
16;44;10;10,60;287,77;
17;21;10;2,15;27,86;
18;10;10;3,65;22,52;
19;34;10;5,20;109,09;
20;20;10;1,20;14,81;
21;31;12;2,00;55,06;
22;62;14;3,00;225,06;
23;56;10;2,00;69,10;
24;112;10;1,40;96,75;
25;13;8;1,10;5,65;
26;2;8;2,78;2,20;
27;4;8;1,64;2,59;
28;8;16;3,85;48,66;
29;12;12;1,40;14,92;
30;10;10;1,42;8,76;
31;56;12;1,68;83,54;
32;5;10;3,80;11,72;
Plan:P5_15085-02_T_08_491_BW_U2_00;;;;;
201;12;14;1,20;17,42;
1;14;12;3,50;43,51;
2;14;10;3,50;30,23;
3;104;8;2,05;84,21;
4;28;10;2,00;34,55;
5;56;10;1,30;44,92;
6;6;16;3,40;32,23;
7;35;10;1,24;26,78;
8;11;12;3,40;33,21;
9;11;10;3,40;23,08;
10;70;10;2,15;92,86;
11;32;10;1,00;19,74;
12;6;12;1,40;7,46;
13;14;12;4,40;54,70;
14;14;10;4,40;38,01;
15;22;8;0,81;7,04;
Plan:P5_15085-02_T_08_492_BW_U2_00;;;;;
201;12;14;1,20;17,42;
1;14;12;4,75;59,05;
2;14;10;4,75;41,03;
3;104;8;2,05;84,21;
4;14;10;2,00;17,28;
5;56;10;1,30;44,92;
6;6;16;3,45;32,71;
7;35;10;1,24;26,78;
8;12;12;3,45;36,76;
9;12;10;3,45;25,54;
10;70;10;2,18;94,15;
11;32;10;1,00;19,74;
12;6;12;1,40;7,46;
13;14;12;3,10;38,54;
14;14;10;3,10;26,78;
15;24;8;0,81;7,68;
16;14;12;2,00;24,86;
Plan:RNDlistopenDWGs;;;;;
1;276;10;5,75;979,18;
2;60;10;1,70;62,93;
3;224;10;1,64;226,66;
4;171;10;5,00;527,54;
5;64;8;2,03;51,32;
6;4;16;6,00;37,92;
7;4;16;9,90;62,57;
8;2;16;7,45;23,54;
9;2;16;8,45;26,70;
10;30;10;0,94;17,40;
11;15;12;4,11;54,75;
12;5;12;4,14;18,38;
13;114;10;7,20;506,43;
14;40;12;1,20;42,62;
15;40;10;1,19;29,37;
16;4;16;6,75;42,66;
17;4;14;2,59;12,54;
1;276;10;5,75;979,18;
2;60;10;1,70;62,93;
3;224;10;1,64;226,66;
4;171;10;5,00;527,54;
5;64;8;2,03;51,32;
6;4;16;6,00;37,92;
7;4;16;9,90;62,57;
8;2;16;7,45;23,54;
9;2;16;8,45;26,70;
10;30;10;0,94;17,40;
11;15;12;4,11;54,75;
12;5;12;4,14;18,38;
13;114;10;7,20;506,43;
14;40;12;1,20;42,62;
15;40;10;1,19;29,37;
16;4;16;6,75;42,66;
17;4;14;2,59;12,54;
RND_04_WÑnde 1;;;;;
Plan:P5_15085-02_T_08_500_BW_U1_00;;;;;
Plan:P5_15085-02_T_08_501_BW_U1_00;;;;;
1;192;8;1,14;86,46;
2;96;16;4,40;667,39;
3;348;8;1,96;269,42;
Plan:P5_15085-02_T_08_502_BW_U1_01;;;;;
1;56;10;1,36;46,99;
2;24;28;4,80;556,42;
3;223;8;2,05;180,57;
4;80;10;0,78;38,50;
5;140;10;1,00;86,38;
6;12;20;9,00;266,76;
7;14;10;1,76;15,20;
8;223;10;4,02;553,12;
9;22;10;5,90;80,09;
10;66;10;7,20;293,20;
11;22;10;5,95;80,77;
12;88;10;1,20;65,16;
13;8;14;4,35;42,11;
14;27;10;1,73;28,82;
15;4;20;6,40;63,23;
16;4;14;7,00;33,88;
17;12;14;8,25;119,79;
18;4;14;6,35;30,73;
19;4;20;7,75;76,57;
Plan:P5_15085-02_T_08_503_BW_U1_02;;;;;
201;3;14;0,61;2,21;
1;21;8;1,28;10,62;
2;22;16;4,35;151,21;
3;69;8;2,05;55,87;
4;16;10;3,16;31,20;
5;18;12;2,85;45,55;
6;53;10;4,02;131,46;
7;17;10;2,26;23,71;
8;92;10;4,20;238,41;
9;8;14;4,35;42,11;
10;74;10;4,65;212,31;
11;42;8;2,15;35,67;
12;16;10;0,78;7,70;
13;28;10;1,00;17,28;
14;24;10;11,70;173,25;
15;24;10;2,15;31,84;
16;81;10;1,75;87,46;
17;50;10;1,25;38,56;
18;2;14;4,80;11,62;
19;2;14;6,55;15,85;
20;2;14;2,00;4,84;
21;8;16;3,80;48,03;
22;4;20;5,00;49,40;
23;4;20;6,75;66,69;
24;4;20;3,50;34,58;
25;50;8;0,47;9,28;
26;8;10;3,50;17,28;
112;VE;12;5,00;4,44;
Plan:P5_15085-02_T_08_504_BW_U1_01;;;;;
1;28;10;1,36;23,50;
2;12;28;4,70;272,41;
3;21;8;1,28;10,62;
4;4;16;4,25;26,86;
6;56;10;0,78;26,95;
7;98;10;1,00;60,47;
8;112;10;4,40;304,06;
9;46;10;5,10;144,75;
10;36;10;3,40;75,52;
11;74;10;5,85;267,10;
12;74;10;5,95;271,67;
13;20;14;4,45;107,69;
14;4;14;5,20;25,17;
16;66;10;7,20;293,20;
17;110;10;1,20;81,44;
18;8;16;8,75;110,60;
19;4;16;9,65;60,99;
20;4;16;4,40;27,81;
21;8;20;9,00;177,84;
22;4;20;10,05;99,29;
23;4;20;4,55;44,95;
24;50;8;0,47;9,28;
5;292;10;1,85;333,30;
15;168;10;4,02;416,70;
Plan:P5_15085-02_T_08_505_BW_U1_02;;;;;
1;48;8;1,67;31,66;
3;45;10;1,19;33,04;
5;47;12;2,63;109,77;
7;4;16;2,00;12,64;
8;8;10;2,60;12,83;
9;16;10;1,00;9,87;
10;10;10;1,78;10,98;
11;10;10;1,28;7,90;
12;3;10;1,73;3,20;
13;10;10;6,75;41,65;
14;10;10;4,65;28,69;
15;10;10;7,20;44,42;
16;58;8;1,90;43,53;
17;10;8;2,06;8,14;
18;12;12;4,30;45,82;
19;8;16;4,50;56,88;
20;8;10;0,83;4,10;
21;14;10;1,00;8,64;
22;33;10;1,61;32,78;
23;2;16;3,17;10,02;
110;VE;10;90,00;55,53;
2;70;10;1,24;53,56;
4;70;12;2,69;167,21;
24;5;10;2,28;7,03;
25;7;10;2,24;9,67;
26;7;12;3,69;22,94;
6;14;10;2,36;20,39;
Plan:P5_15085-02_T_08_506_BW_U1_02;;;;;
201;6;14;0,51;3,70;
1;18;14;4,65;101,28;
2;104;10;4,35;279,13;
3;56;10;7,70;266,05;
4;31;10;1,70;32,52;
5;60;8;0,42;9,95;
6;38;10;5,55;130,13;
7;10;10;7,90;48,74;
8;10;10;3,95;24,37;
9;10;10;2,50;15,43;
10;66;8;4,20;109,49;
11;18;8;2,50;17,78;
12;12;20;5,25;155,61;
13;10;16;2,80;44,24;
14;51;10;1,20;37,76;
15;19;10;2,80;32,82;
16;18;8;1,78;12,66;
17;14;8;4,08;22,56;
18;2;16;5,75;18,17;
19;6;10;2,50;9,25;
20;2;16;4,00;12,64;
21;11;12;2,22;21,68;
22;2;14;3,65;8,83;
23;12;8;3,40;16,12;
24;8;12;3,50;24,86;
25;40;8;1,90;30,02;
26;4;16;2,40;15,17;
27;9;8;3,08;10,95;
28;6;8;2,28;5,40;
Plan:P5_15085-02_T_08_507_BW_U1_00;;;;;
2;106;10;4,35;284,50;
3;18;10;8,10;89,96;
4;83;10;1,70;87,06;
5;55;8;0,42;9,12;
6;28;12;4,35;108,16;
7;10;20;5,00;123,50;
9;36;10;2,30;51,09;
10;18;10;11,75;130,50;
11;18;10;2,00;22,21;
12;45;10;1,20;33,32;
13;6;16;3,00;28,44;
14;4;16;2,25;14,22;
15;12;12;2,18;23,23;
16;3;8;1,08;1,28;
17;10;12;2,00;17,76;
18;56;8;4,20;92,90;
19;56;10;4,10;141,66;
1;16;14;4,65;90,02;
8;8;16;4,80;60,67;
Plan:P5_15085-02_T_08_508_BW_U1_01;;;;;
1;8;16;5,00;63,20;
2;170;10;4,20;440,54;
3;92;10;4,10;232,73;
4;111;10;1,70;116,43;
5;45;8;0,42;7,47;
6;4;16;4,00;25,28;
7;22;10;3,00;40,72;
8;44;8;1,60;27,81;
9;44;8;2,85;49,53;
10;2;20;4,00;19,76;
11;6;12;1,50;7,99;
Plan:P5_15085-02_T_08_509_BW_U1_01;;;;;
1;90;14;4,65;506,39;
2;364;8;4,20;603,88;
3;19;10;1,36;15,94;
4;46;10;1,70;48,25;
5;120;8;0,42;19,91;
6;76;10;3,70;173,50;
7;18;10;8,00;88,85;
8;56;10;12,00;414,62;
9;38;10;4,50;105,51;
10;18;10;9,60;106,62;
11;82;10;1,20;60,71;
12;19;10;1,66;19,46;
13;18;10;2,00;22,21;
14;14;8;3,25;17,97;
15;68;8;1,98;53,18;
16;4;16;2,25;14,22;
17;12;16;4,00;75,84;
18;4;16;2,50;15,80;
19;30;14;2,00;72,60;
20;44;8;5,55;96,46;
21;97;8;1,70;65,14;
22;12;8;1,08;5,12;
23;6;12;1,70;9,06;
24;4;16;1,75;11,06;
25;4;16;2,35;14,85;
26;9;8;4,05;14,40;
27;14;8;1,65;9,12;
28;9;8;2,10;7,47;
29;20;8;1,94;15,33;
30;10;12;4,35;38,63;
31;26;12;2,18;50,33;
32;16;8;0,88;5,56;
33;20;8;0,85;6,72;
34;18;8;1,64;11,66;
35;20;8;1,43;11,30;
36;8;8;1,00;3,16;
Plan:P5_15085-02_T_08_510_BW_U1_00;;;;;
1;12;14;4,65;67,52;
2;54;10;4,25;141,60;
3;44;10;4,10;111,31;
4;81;10;1,70;84,96;
5;42;8;0,42;6,97;
6;86;8;4,20;142,67;
7;44;8;1,95;33,89;
8;38;10;4,50;105,51;
9;18;10;5,55;61,64;
10;19;10;1,20;14,07;
11;18;10;1,36;15,10;
12;8;16;2,00;25,28;
13;6;8;2,58;6,11;
14;6;8;1,96;4,65;
Plan:P5_15085-02_T_08_511_BW_U1_02;;;;;
201;3;14;0,51;1,85;
1;8;14;4,65;45,01;
2;66;8;4,20;109,49;
3;18;8;2,50;17,78;
4;55;10;1,70;57,69;
5;65;8;0,42;10,78;
6;36;10;5,25;116,61;
7;66;10;7,70;313,56;
8;10;10;3,75;23,14;
9;10;10;2,45;15,12;
10;26;10;1,20;19,25;
11;18;8;2,80;19,91;
12;8;16;2,50;31,60;
13;8;12;3,00;21,31;
14;27;8;1,88;20,05;
15;7;8;1,18;3,26;
16;104;10;4,35;279,13;
17;8;8;2,36;7,46;
18;6;8;0,98;2,32;
19;6;14;2,98;21,63;
20;4;14;3,70;17,91;
21;22;8;3,35;29,11;
22;42;8;1,90;31,52;
23;16;12;3,45;49,02;
24;7;8;2,78;7,69;
25;8;12;1,50;10,66;
26;4;20;3,95;39,03;
27;5;12;1,90;8,44;
28;2;12;3,25;5,77;
30;23;10;2,12;30,08;
31;14;20;5,00;172,90;
32;2;20;3,60;17,78;
33;2;12;2,50;4,44;
34;14;8;1,95;10,78;
35;6;8;2,28;5,40;
29;4;16;4,70;29,70;
Plan:P5_15085-02_T_08_512_BW_U1_01;;;;;
1;8;14;4,65;45,01;
2;8;14;3,70;35,82;
3;12;14;3,45;50,09;
4;4;16;3,89;24,58;
5;4;8;3,40;5,37;
6;2;14;1,90;4,60;
7;2;14;3,70;8,95;
8;46;8;1,55;28,16;
9;20;8;2,16;17,06;
10;6;14;2,62;19,02;
11;16;10;2,04;20,14;
12;68;10;4,75;199,29;
13;59;12;3,45;180,75;
14;68;10;1,75;73,42;
15;32;12;2,22;63,08;
16;20;8;0,47;3,71;
17;20;12;2,50;44,40;
18;14;10;1,25;10,80;
19;7;12;1,62;10,07;
20;7;12;1,45;9,01;
Plan:RNDlistopenDWGs;;;;;
1;276;10;5,75;979,18;
2;60;10;1,70;62,93;
3;224;10;1,64;226,66;
4;171;10;5,00;527,54;
5;64;8;2,03;51,32;
6;4;16;6,00;37,92;
7;4;16;9,90;62,57;
8;2;16;7,45;23,54;
9;2;16;8,45;26,70;
10;30;10;0,94;17,40;
11;15;12;4,11;54,75;
12;5;12;4,14;18,38;
13;114;10;7,20;506,43;
14;40;12;1,20;42,62;
15;40;10;1,19;29,37;
16;4;16;6,75;42,66;
17;4;14;2,59;12,54;
1;276;10;5,75;979,18;
2;60;10;1,70;62,93;
3;224;10;1,64;226,66;
4;171;10;5,00;527,54;
5;64;8;2,03;51,32;
6;4;16;6,00;37,92;
7;4;16;9,90;62,57;
8;2;16;7,45;23,54;
9;2;16;8,45;26,70;
10;30;10;0,94;17,40;
11;15;12;4,11;54,75;
12;5;12;4,14;18,38;
13;114;10;7,20;506,43;
14;40;12;1,20;42,62;
15;40;10;1,19;29,37;
16;4;16;6,75;42,66;
17;4;14;2,59;12,54;
RND_05_Decke 1;;;;;
Plan:P5_15085-02_T_08_521_BW_U1_02;;;;;
1;3;14;2,90;10,53;
2;13;12;1,65;19,05;
4;27;16;1,95;83,19;
5;2;16;2,60;8,22;
6;4;10;0,97;2,39;
7;17;10;2,37;24,86;
8;37;10;1,27;28,99;
9;6;10;0,55;2,04;
10;1;12;1,20;1,07;
14;2;20;9,50;46,93;
15;28;12;2,38;59,18;
16;2;10;1,68;2,07;
17;3;14;4,00;14,52;
18;285;10;0,85;149,47;
19;3;10;1,67;3,09;
20;2;14;11,10;26,86;
21;6;14;7,55;54,81;
22;4;10;3,17;7,82;
23;4;16;2,25;14,22;
24;2;12;3,75;6,66;
25;2;12;2,45;4,35;
26;8;10;1,07;5,28;
27;8;14;2,58;24,97;
13;19;12;1,37;23,11;
3;36;10;1,69;37,54;
12;10;10;1,09;6,73;
11;4;16;3,00;18,96;
28;2;16;3,05;9,64;
29;397;10;1,45;355,18;
112;VE;12;160,00;142,08;
Plan:P5_15085-02_T_08_522_BW_U1_03;;;;;
1;192;10;11,50;1362,34;
2;78;10;7,80;375,38;
3;59;16;4,50;419,49;
4;4;16;3,35;21,17;
5;2;16;5,10;16,12;
6;7;20;7,35;127,08;
7;3;20;13,40;99,29;
8;34;10;6,30;132,16;
9;72;10;2,65;117,72;
10;261;10;9,55;1537,90;
12;22;10;3,00;40,72;
13;16;10;2,44;24,09;
14;4;12;2,85;10,12;
15;42;10;7,65;198,24;
19;4;12;2,30;8,17;
24;24;14;11,85;344,12;
25;6;14;7,80;56,63;
26;125;16;3,00;592,50;
11;11;14;3,75;49,91;
17;5;10;1,72;5,31;
20;1;10;10,80;6,66;
22;10;10;1,17;7,22;
16;19;10;0,97;11,37;
18;17;10;0,98;10,28;
21;14;14;1,97;33,37;
23;285;10;1,09;191,67;
27;52;10;1,00;32,08;
28;14;10;1,20;10,37;
Plan:P5_15085-02_T_08_523_BW_U1_04;;;;;
1;8;10;2,45;12,09;
2;558;10;0,85;292,64;
3;283;10;1,09;190,33;
8;38;10;2,75;64,48;
10;33;10;3,17;64,54;
12;83;14;4,13;414,78;
13;6;10;2,05;7,59;
14;2;12;2,55;4,53;
15;4;12;1,85;6,57;
16;32;10;1,18;23,30;
17;4;16;1,95;12,32;
18;12;14;7,85;113,98;
19;8;14;5,80;56,14;
20;4;16;4,60;29,07;
21;8;14;11,10;107,45;
22;8;12;1,40;9,95;
23;10;12;1,60;14,21;
24;72;12;1,98;126,59;
25;3;14;2,50;9,07;
27;4;14;2,00;9,68;
28;2;12;2,22;3,94;
29;2;20;5,50;27,17;
30;6;14;2,57;18,66;
31;8;20;3,76;74,30;
32;8;20;3,75;74,10;
33;16;10;1,84;18,16;
34;2;16;6,00;18,96;
35;2;20;4,15;20,50;
36;2;16;4,85;15,33;
37;6;14;4,00;29,04;
39;17;10;2,14;22,45;
41;4;16;11,10;70,15;
43;20;10;3,45;42,57;
44;7;10;1,06;4,58;
45;27;10;2,64;43,98;
46;8;12;1,45;10,30;
47;2;16;5,25;16,59;
48;14;10;1,33;11,49;
49;5;16;4,60;36,34;
50;16;10;1,20;11,85;
112;VE;12;550,00;488,40;
4;4;10;2,38;5,87;
5;22;10;2,37;32,17;
6;94;10;1,07;62,06;
7;11;10;1,17;7,94;
9;134;10;2,73;225,71;
11;6;12;2,15;11,46;
26;2;16;5,25;16,59;
38;12;12;3,90;41,56;
40;2;12;4,75;8,44;
42;23;10;3,10;43,99;
51;6;10;1,71;6,33;
Plan:P5_15085-02_T_08_524_BW_U1_05;;;;;
1;114;10;6,45;453,68;
2;198;10;10,80;1319,39;
3;119;10;12,70;932,47;
4;163;10;3,50;352,00;
5;35;10;4,50;97,18;
6;66;10;7,50;305,42;
8;44;10;10,00;271,48;
9;66;10;5,95;242,30;
10;21;10;2,60;33,69;
11;56;10;1,90;65,65;
12;548;10;1,09;368,55;
13;4;16;3,85;24,33;
14;4;16;5,50;34,76;
15;16;10;7,00;69,10;
19;26;10;1,20;19,25;
20;169;10;5,70;594,36;
21;102;14;3,55;438,14;
22;12;12;1,40;14,92;
23;56;10;2,00;69,10;
24;112;10;1,40;96,75;
26;33;10;3,65;74,32;
28;7;10;1,50;6,48;
29;5;16;1,50;11,85;
30;4;12;2,50;8,88;
25;26;14;4,75;149,44;
7;70;10;3,00;129,57;
16;31;10;1,50;28,69;
17;10;10;1,37;8,45;
18;18;10;0,83;9,22;
31;2;20;3,50;17,29;
27;28;20;4,00;276,64;
Plan:P5_15085-02_T_08_525_BW_U1_00;;;;;
201;12;14;1,20;17,42;
1;14;10;3,00;25,91;
2;14;8;3,00;16,59;
3;84;8;2,02;67,02;
4;28;10;2,00;34,55;
5;56;10;1,30;44,92;
6;20;16;3,40;107,44;
7;52;10;1,24;39,78;
8;18;8;1,24;8,82;
9;12;10;3,40;25,17;
10;70;10;2,07;89,40;
11;24;10;1,00;14,81;
12;6;12;1,40;7,46;
13;14;10;3,20;27,64;
14;14;8;3,20;17,70;
15;16;8;0,81;5,12;
Plan:P5_15085-02_T_08_526_BW_U1_00;;;;;
201;12;14;1,20;17,42;
1;14;10;3,00;25,91;
2;14;8;3,00;16,59;
3;84;8;2,02;67,02;
4;28;10;2,00;34,55;
5;56;10;1,30;44,92;
6;6;16;3,45;32,71;
7;35;10;1,24;26,78;
8;11;12;3,45;33,70;
9;15;10;3,45;31,93;
10;70;10;2,07;89,40;
11;32;10;1,00;19,74;
12;6;12;1,40;7,46;
13;14;10;3,20;27,64;
14;14;8;3,20;17,70;
15;22;8;0,81;7,04;
16;17;8;1,24;8,33;
Plan:RNDlistopenDWGs;;;;;
1;276;10;5,75;979,18;
2;60;10;1,70;62,93;
3;224;10;1,64;226,66;
4;171;10;5,00;527,54;
5;64;8;2,03;51,32;
6;4;16;6,00;37,92;
7;4;16;9,90;62,57;
8;2;16;7,45;23,54;
9;2;16;8,45;26,70;
10;30;10;0,94;17,40;
11;15;12;4,11;54,75;
12;5;12;4,14;18,38;
13;114;10;7,20;506,43;
14;40;12;1,20;42,62;
15;40;10;1,19;29,37;
16;4;16;6,75;42,66;
17;4;14;2,59;12,54;
1;276;10;5,75;979,18;
2;60;10;1,70;62,93;
3;224;10;1,64;226,66;
4;171;10;5,00;527,54;
5;64;8;2,03;51,32;
6;4;16;6,00;37,92;
7;4;16;9,90;62,57;
8;2;16;7,45;23,54;
9;2;16;8,45;26,70;
10;30;10;0,94;17,40;
11;15;12;4,11;54,75;
12;5;12;4,14;18,38;
13;114;10;7,20;506,43;
14;40;12;1,20;42,62;
15;40;10;1,19;29,37;
16;4;16;6,75;42,66;
17;4;14;2,59;12,54;
RND_06_WÑnde EG;;;;;
Plan:P5_15085-02_T_08_530_BW_00_00;;;;;
Plan:P5_15085-02_T_08_531_BW_00_00;;;;;
1;192;8;1,14;86,46;
2;96;16;4,40;667,39;
3;348;8;1,96;269,42;
Plan:P5_15085-02_T_08_532_BW_00_03;;;;;
1;70;10;1,36;58,74;
2;20;25;4,65;358,05;
4;96;10;0,78;46,20;
5;168;10;1,00;103,66;
6;12;20;9,00;266,76;
7;14;10;1,76;15,20;
9;22;10;5,90;80,09;
10;66;10;7,20;293,20;
11;22;10;5,95;80,77;
12;110;10;1,20;81,44;
14;27;10;1,83;30,49;
15;4;20;3,85;38,04;
18;4;16;3,80;24,02;
19;8;20;7,75;153,14;
20;22;10;3,40;46,15;
21;4;20;6,00;59,28;
22;4;16;7,15;45,19;
3;14;10;2,32;20,04;
13;20;14;4,35;105,27;
16;8;16;7,50;94,80;
17;8;16;8,75;110,60;
8;243;10;4,02;602,72;
Plan:P5_15085-02_T_08_533_BW_00_02;;;;;
201;3;14;0,61;2,21;
1;21;8;1,28;10,62;
2;22;16;4,35;151,21;
3;18;12;1,99;31,81;
4;16;10;3,16;31,20;
5;18;12;2,85;45,55;
6;53;10;4,02;131,46;
7;17;10;2,26;23,71;
8;92;10;4,20;238,41;
9;8;14;4,35;42,11;
10;74;10;4,65;212,31;
11;42;8;2,15;35,67;
12;16;10;0,78;7,70;
13;28;10;1,00;17,28;
14;24;10;11,70;173,25;
15;24;10;2,15;31,84;
16;81;10;1,75;87,46;
17;50;10;1,25;38,56;
18;4;20;6,20;61,26;
19;4;16;6,60;41,71;
20;4;16;2,00;12,64;
21;8;16;3,80;48,03;
22;4;20;5,00;49,40;
23;4;20;6,75;66,69;
24;4;20;3,50;34,58;
25;50;8;0,47;9,28;
26;8;10;3,50;17,28;
112;VE;12;5,00;4,44;
Plan:P5_15085-02_T_08_534_BW_00_02;;;;;
1;28;10;1,36;23,50;
2;8;25;4,55;140,14;
3;21;8;1,28;10,62;
4;4;16;4,25;26,86;
5;117;10;1,79;129,22;
6;56;10;0,78;26,95;
7;98;10;1,00;60,47;
8;158;10;4,40;428,94;
9;50;8;0,47;9,28;
10;22;10;3,40;46,15;
11;74;10;5,85;267,10;
12;74;10;5,95;271,67;
13;24;14;4,50;130,68;
14;4;20;4,55;44,95;
16;66;10;7,20;293,20;
17;110;10;1,20;81,44;
18;8;16;8,75;110,60;
19;4;16;4,00;25,28;
20;4;16;5,45;34,44;
21;4;20;9,00;88,92;
22;8;20;10,05;198,59;
23;4;16;7,15;45,19;
24;4;20;6,00;59,28;
15;168;10;4,02;416,70;
Plan:P5_15085-02_T_08_535_BW_00_01;;;;;
1;92;8;1,67;60,69;
2;2;16;3,17;10,02;
3;37;10;1,61;36,75;
4;8;16;4,50;56,88;
5;12;12;4,30;45,82;
6;14;10;2,36;20,39;
7;4;16;2,00;12,64;
8;8;10;2,60;12,83;
9;16;10;1,00;9,87;
10;66;8;1,90;49,53;
Plan:P5_15085-02_T_08_536_BW_00_02;;;;;
201;6;14;0,51;3,70;
1;16;14;4,65;90,02;
2;104;10;4,35;279,13;
3;54;10;7,70;256,55;
4;83;10;1,70;87,06;
5;60;8;0,42;9,95;
6;48;10;7,90;233,97;
7;17;8;1,32;8,86;
8;10;10;3,95;24,37;
9;10;10;2,50;15,43;
10;98;8;4,20;162,58;
11;18;8;2,50;17,78;
12;12;20;5,25;155,61;
13;6;16;2,80;26,54;
14;8;10;1,20;5,92;
15;16;10;2,20;21,72;
16;18;8;1,78;12,66;
17;10;12;1,50;13,32;
18;2;16;5,75;18,17;
19;6;10;2,50;9,25;
20;2;16;4,00;12,64;
21;11;12;2,22;21,68;
22;8;12;3,65;25,93;
23;4;20;3,90;38,53;
24;24;10;2,16;31,99;
25;17;8;2,50;16,79;
26;8;16;2,40;30,34;
27;12;8;2,07;9,81;
28;4;16;4,70;29,70;
29;5;12;1,77;7,86;
Plan:P5_15085-02_T_08_537_BW_00_00;;;;;
1;16;14;4,65;90,02;
2;190;8;4,20;315,21;
3;18;10;8,10;89,96;
4;110;10;1,70;115,38;
5;55;8;0,42;9,12;
6;15;10;2,62;24,25;
7;10;20;5,00;123,50;
9;36;10;2,10;46,65;
10;18;10;11,75;130,50;
11;18;10;2,00;22,21;
12;18;10;1,20;13,33;
13;6;16;3,00;28,44;
14;4;16;2,25;14,22;
15;12;12;2,18;23,23;
16;3;8;1,08;1,28;
17;10;12;2,00;17,76;
18;23;12;2,57;52,49;
19;56;10;4,10;141,66;
20;22;12;4,10;80,10;
21;4;14;4,10;19,84;
22;10;12;1,70;15,10;
23;8;10;4,35;21,47;
8;10;16;5,00;79,00;
Plan:P5_15085-02_T_08_538_BW_00_01;;;;;
1;8;16;5,00;63,20;
2;154;8;4,30;261,57;
3;92;8;4,10;148,99;
4;134;8;1,60;84,69;
5;40;8;0,42;6,64;
6;4;16;4,00;25,28;
7;6;14;1,50;10,89;
8;26;12;2,57;59,34;
9;46;8;2,85;51,78;
10;2;20;4,00;19,76;
11;4;14;4,10;19,84;
12;22;10;4,10;55,65;
Plan:P5_15085-02_T_08_539_BW_00_01;;;;;
3;19;10;1,36;15,94;
4;46;10;1,70;48,25;
5;120;8;0,42;19,91;
6;38;10;3,70;86,75;
7;18;10;8,00;88,85;
8;18;10;12,00;133,27;
9;38;10;4,50;105,51;
10;18;10;9,60;106,62;
11;104;10;1,20;77,00;
12;19;10;1,66;19,46;
13;36;10;2,30;51,09;
14;14;8;3,25;17,97;
15;68;8;1,98;53,18;
16;4;16;2,25;14,22;
17;8;16;4,00;50,56;
19;34;14;2,00;82,28;
20;44;8;5,55;96,46;
21;97;8;1,70;65,14;
22;16;8;1,08;6,83;
23;6;12;1,70;9,06;
29;20;8;1,94;15,33;
30;10;12;3,10;27,53;
31;26;12;2,18;50,33;
36;4;14;3,65;17,67;
37;4;16;5,00;31,60;
18;8;16;2,50;31,60;
1;98;14;4,65;551,40;
2;346;8;4,20;574,01;
24;4;16;2,75;17,38;
25;4;16;2,55;16,12;
26;18;8;4,05;28,80;
27;20;8;2,24;17,70;
28;8;8;1,00;3,16;
32;2;8;1,54;1,22;
33;6;16;2,75;26,07;
34;7;8;4,18;11,56;
35;38;10;12,85;301,28;
Plan:P5_15085-02_T_08_540_BW_00_01;;;;;
1;16;14;4,65;90,02;
2;140;8;4,20;232,26;
3;44;8;4,10;71,26;
4;81;10;1,70;84,96;
5;67;8;0,42;11,12;
7;44;8;1,95;33,89;
8;38;10;4,50;105,51;
9;18;10;5,55;61,64;
10;19;10;1,20;14,07;
11;18;10;1,36;15,10;
12;8;16;2,00;25,28;
13;6;8;2,58;6,11;
14;6;8;1,96;4,65;
15;28;16;5,00;221,20;
16;72;10;4,30;191,02;
17;23;8;2,30;20,90;
18;48;8;1,90;36,02;
19;92;8;3,00;109,02;
Plan:P5_15085-02_T_08_541_BW_00_01;;;;;
201;6;14;0,51;3,70;
1;16;14;4,65;90,02;
2;89;8;4,20;147,65;
3;18;8;2,50;17,78;
4;62;10;1,70;65,03;
5;65;8;0,42;10,78;
6;6;16;2,75;26,07;
7;100;10;7,70;475,09;
8;10;10;3,75;23,14;
9;10;10;2,45;15,12;
10;8;10;1,20;5,92;
11;3;10;1,18;2,18;
12;20;8;1,32;10,43;
13;8;12;3,00;21,31;
14;30;8;2,08;24,65;
15;6;10;1,80;6,66;
16;104;10;4,35;279,13;
17;8;10;2,20;10,86;
18;6;8;0,98;2,32;
19;34;8;2,10;28,20;
20;16;10;2,25;22,21;
21;8;16;2,00;25,28;
22;23;10;2,12;30,08;
23;8;12;3,45;24,51;
24;4;16;4,70;29,70;
25;8;12;1,50;10,66;
26;4;20;3,95;39,03;
27;5;12;1,90;8,44;
28;10;20;5,00;123,50;
Plan:RNDlistopenDWGs;;;;;
1;276;10;5,75;979,18;
2;60;10;1,70;62,93;
3;224;10;1,64;226,66;
4;171;10;5,00;527,54;
5;64;8;2,03;51,32;
6;4;16;6,00;37,92;
7;4;16;9,90;62,57;
8;2;16;7,45;23,54;
9;2;16;8,45;26,70;
10;30;10;0,94;17,40;
11;15;12;4,11;54,75;
12;5;12;4,14;18,38;
13;114;10;7,20;506,43;
14;40;12;1,20;42,62;
15;40;10;1,19;29,37;
16;4;16;6,75;42,66;
17;4;14;2,59;12,54;
1;276;10;5,75;979,18;
2;60;10;1,70;62,93;
3;224;10;1,64;226,66;
4;171;10;5,00;527,54;
5;64;8;2,03;51,32;
6;4;16;6,00;37,92;
7;4;16;9,90;62,57;
8;2;16;7,45;23,54;
9;2;16;8,45;26,70;
10;30;10;0,94;17,40;
11;15;12;4,11;54,75;
12;5;12;4,14;18,38;
13;114;10;7,20;506,43;
14;40;12;1,20;42,62;
15;40;10;1,19;29,37;
16;4;16;6,75;42,66;
17;4;14;2,59;12,54;
RND_07_Decke EG;;;;;
Plan:P5_15085-02_T_08_543_BW_00_02;;;;;
3;19;12;1,37;23,11;
4;7;10;1,09;4,71;
7;4;16;4,05;25,60;
8;5;10;1,27;3,92;
9;12;16;1,95;36,97;
10;2;16;2,60;8,22;
11;3;10;1,67;3,09;
12;16;10;2,37;23,40;
14;285;10;0,85;149,47;
15;2;14;11,10;26,86;
16;6;14;7,55;54,81;
17;3;14;2,90;10,53;
18;3;14;3,75;13,61;
19;2;12;2,00;3,55;
20;6;10;0,98;3,63;
21;3;10;1,04;1,93;
22;2;10;1,46;1,80;
23;3;10;1,94;3,59;
24;11;12;1,80;17,58;
25;20;16;2,20;69,52;
26;5;12;1,20;5,33;
27;25;10;1,89;29,15;
28;4;10;2,27;5,60;
29;2;12;3,40;6,04;
6;4;10;1,52;3,75;
1;2;10;1,74;2,15;
2;12;14;2,52;36,59;
5;3;10;2,74;5,07;
30;6;20;9,50;140,79;
31;70;12;1,66;103,19;
32;12;16;4,14;78,49;
33;12;16;4,44;84,18;
34;6;16;5,14;48,73;
35;9;10;8,70;48,31;
36;55;12;1,75;85,47;
37;3;12;1,52;4,05;
38;25;12;1,45;32,19;
112;VE;12;170,00;150,96;
13;377;10;1,45;337,28;
39;12;10;1,00;7,40;
Plan:P5_15085-02_T_08_544_BW_00_03;;;;;
1;192;10;11,50;1362,34;
4;34;10;6,30;132,16;
6;1;10;10,80;6,66;
7;6;20;7,35;108,93;
8;3;20;13,40;99,29;
9;55;16;4,65;404,09;
10;72;10;2,65;117,72;
11;261;10;9,55;1537,90;
12;42;10;7,65;198,24;
16;4;12;2,85;10,12;
18;4;12;2,30;8,17;
21;2;12;2,55;4,53;
22;24;14;11,85;344,12;
23;6;14;7,80;56,63;
25;11;14;3,75;49,91;
26;130;16;3,00;616,20;
3;20;10;4,00;49,36;
2;76;10;7,40;347,00;
13;5;10;1,72;5,31;
15;10;10;1,17;7,22;
20;14;10;1,20;10,37;
14;19;10;0,97;11,37;
17;34;10;0,98;20,56;
24;285;10;1,09;191,67;
19;14;14;2,02;34,22;
5;56;10;1,20;41,46;
Plan:P5_15085-02_T_08_545_BW_00_03;;;;;
1;548;10;0,85;287,40;
3;4;10;2,38;5,87;
4;22;10;2,37;32,17;
5;106;10;1,07;69,98;
6;11;10;1,17;7,94;
7;36;10;2,75;61,08;
8;137;10;2,73;230,76;
9;33;10;3,17;64,54;
11;82;14;4,13;409,78;
12;6;10;2,05;7,59;
13;2;12;2,55;4,53;
14;4;12;1,85;6,57;
15;32;10;1,18;23,30;
16;4;16;1,95;12,32;
17;12;14;7,85;113,98;
18;4;14;6,90;33,40;
19;12;14;11,10;161,17;
20;8;12;1,40;9,95;
21;9;12;1,60;12,79;
22;67;10;1,78;73,58;
23;3;14;2,50;9,07;
24;2;16;5,25;16,59;
25;4;14;2,40;11,62;
26;1;12;3,75;3,33;
27;2;20;5,50;27,17;
28;20;10;3,45;42,57;
29;8;20;3,76;74,30;
30;8;20;3,75;74,10;
31;7;10;1,06;4,58;
32;2;16;6,00;18,96;
33;2;20;4,15;20,50;
34;5;16;4,60;36,34;
35;3;14;4,00;14,52;
36;8;12;1,45;10,30;
37;1;12;3,30;2,93;
38;2;16;5,25;16,59;
39;27;10;2,64;43,98;
40;2;16;4,60;14,54;
41;6;10;1,71;6,33;
42;4;14;5,80;28,07;
112;VE;12;525,00;466,20;
2;305;10;1,09;205,12;
10;6;12;2,15;11,46;
43;15;10;1,33;12,31;
Plan:P5_15085-02_T_08_546_BW_00_03;;;;;
1;114;10;6,45;453,68;
2;198;10;10,80;1319,39;
3;119;10;12,70;932,47;
5;35;10;4,50;97,18;
6;66;10;7,50;305,42;
7;70;10;3,00;129,57;
8;44;10;10,00;271,48;
9;66;10;5,95;242,30;
10;21;10;2,60;33,69;
11;56;10;1,90;65,65;
12;548;10;1,09;368,55;
13;4;16;3,85;24,33;
14;4;16;5,50;34,76;
15;16;10;7,00;69,10;
19;26;10;1,20;19,25;
20;169;10;5,70;594,36;
21;102;14;3,55;438,14;
22;12;12;1,40;14,92;
23;56;10;2,00;69,10;
24;112;10;1,40;96,75;
25;26;14;4,75;149,44;
26;33;10;3,65;74,32;
4;161;10;3,50;347,68;
16;31;10;1,50;28,69;
17;10;10;1,37;8,45;
18;2;20;3,50;17,29;
27;28;20;4,00;276,64;
Plan:P5_15085-02_T_08_547_BW_00_00;;;;;
201;12;14;1,20;17,42;
1;14;10;3,00;25,91;
2;14;8;3,00;16,59;
3;84;8;2,02;67,02;
4;28;10;2,00;34,55;
5;56;10;1,30;44,92;
6;20;16;3,40;107,44;
7;52;10;1,24;39,78;
8;18;8;1,24;8,82;
9;12;10;3,40;25,17;
10;70;10;2,07;89,40;
11;24;10;1,00;14,81;
12;6;12;1,40;7,46;
13;14;10;3,20;27,64;
14;14;8;3,20;17,70;
15;16;8;0,81;5,12;
Plan:P5_15085-02_T_08_548_BW_00_00;;;;;
201;12;14;1,20;17,42;
1;14;10;3,00;25,91;
2;14;8;3,00;16,59;
3;84;8;2,02;67,02;
4;28;10;2,00;34,55;
5;56;10;1,30;44,92;
6;6;16;3,45;32,71;
7;35;10;1,24;26,78;
8;11;12;3,45;33,70;
9;15;10;3,45;31,93;
10;70;10;2,07;89,40;
11;32;10;1,00;19,74;
12;6;12;1,40;7,46;
13;14;10;3,20;27,64;
14;14;8;3,20;17,70;
15;22;8;0,81;7,04;
16;17;8;1,24;8,33;
Plan:RNDlistopenDWGs;;;;;
1;276;10;5,75;979,18;
2;60;10;1,70;62,93;
3;224;10;1,64;226,66;
4;171;10;5,00;527,54;
5;64;8;2,03;51,32;
6;4;16;6,00;37,92;
7;4;16;9,90;62,57;
8;2;16;7,45;23,54;
9;2;16;8,45;26,70;
10;30;10;0,94;17,40;
11;15;12;4,11;54,75;
12;5;12;4,14;18,38;
13;114;10;7,20;506,43;
14;40;12;1,20;42,62;
15;40;10;1,19;29,37;
16;4;16;6,75;42,66;
17;4;14;2,59;12,54;
1;276;10;5,75;979,18;
2;60;10;1,70;62,93;
3;224;10;1,64;226,66;
4;171;10;5,00;527,54;
5;64;8;2,03;51,32;
6;4;16;6,00;37,92;
7;4;16;9,90;62,57;
8;2;16;7,45;23,54;
9;2;16;8,45;26,70;
10;30;10;0,94;17,40;
11;15;12;4,11;54,75;
12;5;12;4,14;18,38;
13;114;10;7,20;506,43;
14;40;12;1,20;42,62;
15;40;10;1,19;29,37;
16;4;16;6,75;42,66;
17;4;14;2,59;12,54;
RND_08_WÑnde 1;;;;;
Plan:P5_15085-02_T_08_550_BW_01_00;;;;;
Plan:P5_15085-02_T_08_551_BW_01_00;;;;;
1;192;8;1,14;86,46;
2;96;16;4,40;667,39;
3;348;8;1,96;269,42;
Plan:P5_15085-02_T_08_552_BW_01_01;;;;;
1;105;8;1,28;53,09;
2;20;16;4,35;137,46;
3;14;10;2,32;20,04;
4;88;10;0,78;42,35;
5;154;10;1,00;95,02;
6;12;20;9,00;266,76;
7;14;10;1,76;15,20;
9;22;10;5,90;80,09;
10;66;10;7,20;293,20;
11;22;10;5,95;80,77;
12;110;10;1,20;81,44;
13;20;14;4,35;105,27;
14;27;10;1,83;30,49;
15;4;20;3,85;38,04;
18;4;16;3,80;24,02;
19;8;20;7,75;153,14;
20;22;10;3,40;46,15;
21;4;20;6,00;59,28;
22;4;16;7,15;45,19;
16;8;16;7,50;94,80;
17;8;16;8,75;110,60;
8;243;10;4,02;602,72;
Plan:P5_15085-02_T_08_553_BW_01_01;;;;;
201;3;14;0,61;2,21;
1;21;8;1,28;10,62;
2;22;16;4,35;151,21;
3;18;12;1,99;31,81;
4;14;10;3,16;27,30;
5;18;12;2,85;45,55;
6;53;10;4,02;131,46;
7;17;12;2,32;35,02;
8;92;10;4,20;238,41;
9;8;14;4,35;42,11;
10;74;10;4,65;212,31;
11;42;8;2,15;35,67;
12;16;10;0,78;7,70;
13;28;10;1,00;17,28;
14;24;10;11,70;173,25;
15;24;10;2,15;31,84;
16;81;10;1,75;87,46;
17;52;10;1,25;40,11;
18;4;20;6,20;61,26;
19;4;16;6,60;41,71;
20;4;16;2,80;17,70;
21;8;16;3,80;48,03;
22;4;20;5,00;49,40;
23;4;20;6,75;66,69;
24;4;20;3,50;34,58;
25;50;8;0,47;9,28;
26;4;14;3,13;15,15;
27;8;10;3,50;17,28;
112;VE;12;5,00;4,44;
Plan:P5_15085-02_T_08_554_BW_01_01;;;;;
1;63;8;1,28;31,85;
2;12;16;4,25;80,58;
3;4;20;10,05;99,29;
4;8;20;9,00;177,84;
5;117;10;1,79;129,22;
6;56;10;0,78;26,95;
7;98;10;1,00;60,47;
8;158;10;4,40;428,94;
9;50;8;0,47;9,28;
10;22;10;3,40;46,15;
11;74;10;5,85;267,10;
12;74;10;5,95;271,67;
13;24;14;4,50;130,68;
14;4;20;4,55;44,95;
16;66;10;7,20;293,20;
17;110;10;1,20;81,44;
18;8;16;8,75;110,60;
19;4;16;4,00;25,28;
20;4;16;5,45;34,44;
21;4;16;7,15;45,19;
22;4;20;6,00;59,28;
15;168;10;4,02;416,70;
Plan:P5_15085-02_T_08_555_BW_01_01;;;;;
1;92;8;1,67;60,69;
2;2;16;3,17;10,02;
3;37;10;1,61;36,75;
4;8;16;4,50;56,88;
5;12;12;4,30;45,82;
6;14;10;2,36;20,39;
7;4;16;2,00;12,64;
8;8;10;2,60;12,83;
9;16;10;1,00;9,87;
10;66;8;1,90;49,53;
Plan:P5_15085-02_T_08_556_BW_01_02;;;;;
201;6;14;0,51;3,70;
1;16;14;4,65;90,02;
2;104;10;4,35;279,13;
3;54;10;7,70;256,55;
4;83;10;1,70;87,06;
5;60;8;0,42;9,95;
6;48;10;7,90;233,97;
7;17;8;1,32;8,86;
8;10;10;3,95;24,37;
9;10;10;2,50;15,43;
10;98;8;4,20;162,58;
11;18;8;2,50;17,78;
12;12;20;5,25;155,61;
13;6;16;2,80;26,54;
14;8;10;1,20;5,92;
15;16;10;2,20;21,72;
16;18;8;1,78;12,66;
17;10;12;1,50;13,32;
18;2;16;5,75;18,17;
19;6;10;2,50;9,25;
20;2;16;4,00;12,64;
21;11;12;2,22;21,68;
22;8;12;3,65;25,93;
23;4;20;3,90;38,53;
24;24;10;2,16;31,99;
25;17;8;2,50;16,79;
26;8;16;2,40;30,34;
27;12;8;2,37;11,23;
28;4;16;4,70;29,70;
29;5;12;1,77;7,86;
Plan:P5_15085-02_T_08_557_BW_01_00;;;;;
1;16;14;4,65;90,02;
2;190;8;4,20;315,21;
3;18;10;8,10;89,96;
4;110;10;1,70;115,38;
5;55;8;0,42;9,12;
6;15;10;2,62;24,25;
7;10;20;5,00;123,50;
9;36;10;2,10;46,65;
10;18;10;11,75;130,50;
11;18;10;2,00;22,21;
12;18;10;1,20;13,33;
13;6;16;3,00;28,44;
14;4;16;2,25;14,22;
15;12;12;2,18;23,23;
16;3;8;1,08;1,28;
17;10;12;2,00;17,76;
18;23;12;2,57;52,49;
19;56;10;4,10;141,66;
20;22;12;4,10;80,10;
21;4;14;4,10;19,84;
22;10;12;1,70;15,10;
23;8;10;4,35;21,47;
8;10;16;5,00;79,00;
Plan:P5_15085-02_T_08_558_BW_01_01;;;;;
1;8;16;5,00;63,20;
2;154;8;4,30;261,57;
3;96;8;4,10;155,47;
4;136;8;1,60;85,95;
5;40;8;0,42;6,64;
6;4;16;4,00;25,28;
7;6;14;1,50;10,89;
8;26;12;2,57;59,34;
9;46;8;2,85;51,78;
10;2;20;4,00;19,76;
11;4;14;4,10;19,84;
12;22;10;4,10;55,65;
13;6;12;3,45;18,38;
14;15;8;1,00;5,93;
15;30;8;0,75;8,89;
Plan:P5_15085-02_T_08_559_BW_01_01;;;;;
3;19;10;1,36;15,94;
4;46;10;1,70;48,25;
5;120;8;0,42;19,91;
6;38;10;3,70;86,75;
7;18;10;8,00;88,85;
8;18;10;12,00;133,27;
9;38;10;4,50;105,51;
10;18;10;9,60;106,62;
11;123;10;1,20;91,07;
12;19;10;1,66;19,46;
13;36;10;2,00;44,42;
14;38;10;4,75;111,37;
15;54;8;1,98;42,23;
16;4;16;2,25;14,22;
17;8;16;4,00;50,56;
18;8;16;2,50;31,60;
19;26;14;2,00;62,92;
20;44;8;5,55;96,46;
21;97;8;1,70;65,14;
22;16;8;1,08;6,83;
23;6;12;1,70;9,06;
29;20;8;1,94;15,33;
30;10;12;3,10;27,53;
31;26;12;2,18;50,33;
36;4;14;3,20;15,49;
37;4;16;5,00;31,60;
38;38;10;9,15;214,53;
1;98;14;4,65;551,40;
2;360;8;4,20;597,24;
24;4;16;2,75;17,38;
25;4;16;2,55;16,12;
26;18;8;4,05;28,80;
27;20;8;2,24;17,70;
28;8;8;1,00;3,16;
32;2;8;1,54;1,22;
33;6;16;2,75;26,07;
34;7;8;4,18;11,56;
35;4;14;2,30;11,13;
Plan:P5_15085-02_T_08_560_BW_01_01;;;;;
1;16;14;4,65;90,02;
2;140;8;4,20;232,26;
3;44;8;4,10;71,26;
4;81;10;1,70;84,96;
5;67;8;0,42;11,12;
7;44;8;1,95;33,89;
8;38;10;4,50;105,51;
9;18;10;5,55;61,64;
10;19;10;1,20;14,07;
11;18;10;1,36;15,10;
12;8;16;2,00;25,28;
13;6;8;2,58;6,11;
14;6;8;1,96;4,65;
15;28;16;5,00;221,20;
16;72;10;4,30;191,02;
17;23;8;2,30;20,90;
18;48;8;1,90;36,02;
19;92;8;3,00;109,02;
Plan:P5_15085-02_T_08_561_BW_01_01;;;;;
201;6;14;0,51;3,70;
1;16;14;4,65;90,02;
2;89;8;4,20;147,65;
3;18;8;2,50;17,78;
4;65;10;1,70;68,18;
5;65;8;0,42;10,78;
6;6;16;2,75;26,07;
7;100;10;7,70;475,09;
8;10;10;3,75;23,14;
9;10;10;2,45;15,12;
10;8;10;1,20;5,92;
11;3;10;1,18;2,18;
12;20;8;1,32;10,43;
13;8;12;3,00;21,31;
14;30;8;2,38;28,20;
15;6;10;1,80;6,66;
16;104;10;4,35;279,13;
17;8;10;2,20;10,86;
18;6;8;0,98;2,32;
19;34;8;2,10;28,20;
20;16;10;2,25;22,21;
21;8;16;2,00;25,28;
22;23;10;2,12;30,08;
23;8;12;3,45;24,51;
24;4;16;4,70;29,70;
25;8;12;1,50;10,66;
26;4;20;3,95;39,03;
27;5;12;1,90;8,44;
28;10;20;5,00;123,50;
Plan:RNDlistopenDWGs;;;;;
1;276;10;5,75;979,18;
2;60;10;1,70;62,93;
3;224;10;1,64;226,66;
4;171;10;5,00;527,54;
5;64;8;2,03;51,32;
6;4;16;6,00;37,92;
7;4;16;9,90;62,57;
8;2;16;7,45;23,54;
9;2;16;8,45;26,70;
10;30;10;0,94;17,40;
11;15;12;4,11;54,75;
12;5;12;4,14;18,38;
13;114;10;7,20;506,43;
14;40;12;1,20;42,62;
15;40;10;1,19;29,37;
16;4;16;6,75;42,66;
17;4;14;2,59;12,54;
1;276;10;5,75;979,18;
2;60;10;1,70;62,93;
3;224;10;1,64;226,66;
4;171;10;5,00;527,54;
5;64;8;2,03;51,32;
6;4;16;6,00;37,92;
7;4;16;9,90;62,57;
8;2;16;7,45;23,54;
9;2;16;8,45;26,70;
10;30;10;0,94;17,40;
11;15;12;4,11;54,75;
12;5;12;4,14;18,38;
13;114;10;7,20;506,43;
14;40;12;1,20;42,62;
15;40;10;1,19;29,37;
16;4;16;6,75;42,66;
17;4;14;2,59;12,54;
RND_09_Decke 1;;;;;
Plan:P5_15085-02_T_08_563_BW_01_02;;;;;
1;3;10;2,74;5,07;
2;31;10;1,09;20,85;
3;6;20;11,80;174,88;
5;19;12;1,37;23,11;
6;23;10;1,68;23,84;
7;2;16;6,40;20,22;
8;2;16;5,70;18,01;
9;6;12;1,40;7,46;
10;12;16;4,14;78,49;
11;12;16;3,84;72,81;
13;2;16;2,60;8,22;
14;3;10;1,67;3,09;
15;8;10;2,37;11,70;
16;298;10;0,85;156,29;
18;6;14;7,55;54,81;
19;36;12;2,25;71,93;
20;7;14;2,65;22,45;
21;3;20;8,55;63,36;
22;2;20;8,55;42,24;
23;2;16;3,22;10,18;
24;2;20;4,75;23,47;
25;16;12;2,17;30,83;
26;3;14;2,57;9,33;
27;9;16;2,15;30,57;
28;2;12;2,00;3,55;
29;2;10;1,46;1,80;
30;3;10;1,94;3,59;
31;3;10;1,04;1,93;
32;6;10;0,98;3,63;
33;13;12;2,00;23,09;
34;18;16;2,40;68,26;
35;2;12;3,40;6,04;
36;5;12;1,20;5,33;
37;4;16;4,05;25,60;
38;25;10;2,09;32,24;
39;4;10;2,27;5,60;
40;4;10;1,52;3,75;
41;75;12;1,75;116,55;
42;11;10;1,74;11,81;
43;3;12;1,52;4,05;
44;3;12;1,52;4,05;
45;30;10;1,00;18,51;
47;417;10;1,45;373,07;
48;5;10;1,27;3,92;
49;3;14;2,90;10,53;
112;VE;12;160,00;142,08;
12;7;16;1,95;21,57;
17;2;14;11,10;26,86;
46;3;20;4,75;35,20;
50;9;10;11,75;65,25;
51;6;16;5,14;48,73;
52;106;12;1,66;156,25;
4;30;14;2,52;91,48;
Plan:P5_15085-02_T_08_564_BW_01_03;;;;;
1;192;10;11,50;1362,34;
2;76;10;7,00;328,24;
3;20;10;4,00;49,36;
4;34;10;10,65;223,42;
6;1;10;10,80;6,66;
8;3;20;13,40;99,29;
9;74;16;4,65;543,68;
10;110;10;2,65;179,86;
11;261;10;9,55;1537,90;
12;42;10;7,65;198,24;
16;4;12;2,85;10,12;
18;2;12;2,30;4,08;
20;24;14;11,85;344,12;
21;6;14;7,80;56,63;
23;11;14;3,75;49,91;
24;130;16;3,00;616,20;
13;5;10;1,72;5,31;
15;10;10;1,17;7,22;
19;8;10;1,20;5,92;
5;56;10;1,40;48,37;
14;9;10;0,97;5,39;
17;34;10;0,98;20,56;
22;298;10;1,09;200,41;
7;6;20;10,75;159,32;
Plan:P5_15085-02_T_08_565_BW_01_03;;;;;
1;515;10;0,85;270,09;
2;271;10;1,09;182,26;
3;4;10;2,38;5,87;
4;22;10;2,37;32,17;
5;91;10;1,07;60,08;
6;11;10;1,17;7,94;
7;36;10;2,75;61,08;
8;133;10;2,73;224,03;
9;4;14;2,40;11,62;
10;6;12;2,15;11,46;
11;108;14;4,13;539,71;
12;6;10;2,05;7,59;
13;2;12;2,55;4,53;
14;4;12;1,85;6,57;
15;32;10;1,18;23,30;
16;4;16;1,95;12,32;
17;12;14;7,85;113,98;
18;4;14;5,80;28,07;
19;8;14;11,10;107,45;
20;4;14;6,90;33,40;
21;8;12;1,40;9,95;
22;9;12;1,60;12,79;
23;45;10;1,78;49,42;
24;3;14;2,50;9,07;
25;2;16;5,25;16,59;
26;2;16;5,25;16,59;
27;4;14;11,10;53,72;
28;4;20;3,76;37,15;
29;4;20;3,75;37,05;
30;20;10;3,45;42,57;
32;27;10;2,64;43,98;
33;6;10;1,71;6,33;
34;1;12;3,30;2,93;
112;VE;12;500,00;444,00;
31;8;12;1,45;10,30;
Plan:P5_15085-02_T_08_566_BW_01_03;;;;;
1;77;10;6,45;306,43;
2;198;10;10,80;1319,39;
3;119;10;12,70;932,47;
4;125;10;3,50;269,94;
5;35;10;4,50;97,18;
6;66;10;7,50;305,42;
8;44;10;10,00;271,48;
9;66;10;5,95;242,30;
10;21;10;2,60;33,69;
11;56;10;1,90;65,65;
13;4;16;3,80;24,02;
14;4;16;5,50;34,76;
15;16;10;7,00;69,10;
19;26;10;1,20;19,25;
20;207;10;5,70;728,00;
21;79;14;3,55;339,34;
22;9;12;1,40;11,19;
23;42;10;2,00;51,83;
24;84;10;1,40;72,56;
25;26;14;4,75;149,44;
7;70;10;3,00;129,57;
16;31;10;1,50;28,69;
17;25;10;1,37;21,13;
18;2;20;3,50;17,29;
12;521;10;1,09;350,39;
26;28;20;4,00;276,64;
Plan:P5_15085-02_T_08_567_BW_01_00;;;;;
201;12;14;1,20;17,42;
1;14;10;3,00;25,91;
2;14;8;3,00;16,59;
3;84;8;2,02;67,02;
4;28;10;2,00;34,55;
5;56;10;1,30;44,92;
6;20;16;3,40;107,44;
7;52;10;1,24;39,78;
8;18;8;1,24;8,82;
9;12;10;3,40;25,17;
10;70;10;2,07;89,40;
11;24;10;1,00;14,81;
12;6;12;1,40;7,46;
13;14;10;3,20;27,64;
14;14;8;3,20;17,70;
15;16;8;0,81;5,12;
Plan:P5_15085-02_T_08_568_BW_01_00;;;;;
201;12;14;1,20;17,42;
1;14;10;3,00;25,91;
2;14;8;3,00;16,59;
3;84;8;2,02;67,02;
4;28;10;2,00;34,55;
5;56;10;1,30;44,92;
6;6;16;3,45;32,71;
7;35;10;1,24;26,78;
8;11;12;3,45;33,70;
9;15;10;3,45;31,93;
10;70;10;2,07;89,40;
11;32;10;1,00;19,74;
12;6;12;1,40;7,46;
13;14;10;3,20;27,64;
14;14;8;3,20;17,70;
15;22;8;0,81;7,04;
16;17;8;1,24;8,33;
Plan:RNDlistopenDWGs;;;;;
1;276;10;5,75;979,18;
2;60;10;1,70;62,93;
3;224;10;1,64;226,66;
4;171;10;5,00;527,54;
5;64;8;2,03;51,32;
6;4;16;6,00;37,92;
7;4;16;9,90;62,57;
8;2;16;7,45;23,54;
9;2;16;8,45;26,70;
10;30;10;0,94;17,40;
11;15;12;4,11;54,75;
12;5;12;4,14;18,38;
13;114;10;7,20;506,43;
14;40;12;1,20;42,62;
15;40;10;1,19;29,37;
16;4;16;6,75;42,66;
17;4;14;2,59;12,54;
1;276;10;5,75;979,18;
2;60;10;1,70;62,93;
3;224;10;1,64;226,66;
4;171;10;5,00;527,54;
5;64;8;2,03;51,32;
6;4;16;6,00;37,92;
7;4;16;9,90;62,57;
8;2;16;7,45;23,54;
9;2;16;8,45;26,70;
10;30;10;0,94;17,40;
11;15;12;4,11;54,75;
12;5;12;4,14;18,38;
13;114;10;7,20;506,43;
14;40;12;1,20;42,62;
15;40;10;1,19;29,37;
16;4;16;6,75;42,66;
17;4;14;2,59;12,54;
RND_11_Decke 2;;;;;
Plan:P5_15085-02_T_08_584_BW_02_02_T1;;;;;
1;30;10;11,05;204,54;
4;11;14;3,53;46,98;
5;12;14;3,33;48,35;
6;6;14;5,73;41,60;
7;19;10;5,45;63,89;
8;6;16;12,00;113,76;
9;3;16;13,00;61,62;
10;165;12;1,64;240,29;
11;19;14;4,21;96,79;
13;3;10;1,28;2,37;
14;45;10;2,63;73,02;
15;71;10;1,08;47,31;
16;16;16;14,00;353,92;
17;30;16;2,30;109,02;
18;15;10;1,12;10,37;
19;8;16;2,60;32,86;
20;34;10;1,68;35,24;
21;2;16;6,40;20,22;
22;79;10;1,06;51,67;
23;11;12;2,52;24,62;
24;13;16;2,40;49,30;
25;34;12;3,01;90,88;
26;2;12;2,20;3,91;
27;2;12;2,25;4,00;
28;2;10;1,02;1,26;
29;2;10;1,08;1,33;
30;4;10;2,04;5,03;
31;2;16;2,70;8,53;
32;4;16;2,90;18,33;
33;77;10;1,63;77,44;
34;32;12;1,83;52,00;
35;6;12;1,70;9,06;
36;30;12;2,20;58,61;
37;131;10;2,00;161,65;
38;4;16;4,57;28,88;
39;4;16;8,35;52,77;
40;2;14;2,10;5,08;
41;2;16;5,85;18,49;
42;263;10;0,85;137,93;
43;12;14;11,65;169,16;
44;4;14;1,70;8,23;
45;4;12;3,20;11,37;
46;3;12;1,15;3,06;
47;8;16;7,50;94,80;
48;4;20;12,95;127,95;
49;1;20;9,55;23,59;
50;4;10;0,94;2,32;
51;4;20;12,95;127,95;
52;2;20;9,70;47,92;
56;12;10;3,40;25,17;
58;4;16;4,55;28,76;
59;2;16;5,95;18,80;
63;2;16;6,40;20,22;
64;3;16;13,00;61,62;
65;32;14;4,16;161,08;
66;21;16;5,15;170,88;
67;6;16;3,45;32,71;
68;31;10;2,30;43,99;
69;24;10;1,76;26,06;
70;40;10;1,31;32,33;
71;4;16;2,60;16,43;
112;VE;12;200,00;177,60;
2;32;14;2,61;101,06;
3;46;16;3,85;279,82;
12;7;10;1,27;5,49;
53;83;10;1,25;64,01;
54;87;10;1,81;97,16;
55;32;10;1,73;34,16;
57;4;12;2,70;9,59;
61;4;16;3,50;22,12;
62;6;16;12,00;113,76;
72;197;10;1,00;121,55;
60;4;20;4,00;39,52;
73;6;14;3,00;21,78;
74;12;12;1,20;12,79;
Plan:P5_15085-02_T_08_585_BW_02_02;;;;;
1;72;12;11,50;735,26;
2;36;12;5,75;183,82;
3;120;10;11,50;851,46;
4;60;10;5,35;198,06;
7;90;10;5,65;313,74;
8;276;12;5,25;1286,71;
9;111;10;2,30;157,52;
10;80;16;3,50;442,40;
12;117;10;4,80;346,51;
13;108;10;3,25;216,57;
14;12;12;5,60;59,67;
15;30;10;2,15;39,80;
16;52;12;2,00;92,35;
17;26;10;4,35;69,78;
5;37;10;11,75;268,24;
6;24;10;2,60;38,50;
11;263;12;1,33;310,61;
Plan:P5_15085-02_T_08_586_BW_02_03;;;;;
1;185;12;1,28;210,28;
5;12;16;3,15;59,72;
6;2;16;2,70;8,53;
7;2;16;3,40;10,74;
8;8;12;2,80;19,89;
9;8;16;3,45;43,61;
10;52;10;1,36;43,63;
11;4;12;2,20;7,81;
12;4;12;1,85;6,57;
13;3;12;2,54;6,77;
14;576;10;0,85;302,08;
15;97;10;1,08;64,64;
16;105;10;1,78;115,32;
17;2;16;6,40;20,22;
18;5;10;1,18;3,64;
19;6;10;1,17;4,33;
20;6;12;2,15;11,46;
21;3;10;1,20;2,22;
23;27;10;2,63;43,81;
24;6;10;2,05;7,59;
26;4;12;1,85;6,57;
27;4;16;1,95;12,32;
28;4;14;5,80;28,07;
29;8;14;7,85;75,99;
30;20;14;11,10;268,62;
31;4;14;6,20;30,01;
32;190;10;2,00;234,46;
33;49;12;2,58;112,26;
34;19;16;3,40;102,07;
35;12;20;13,15;389,77;
36;2;20;3,67;18,13;
37;2;16;11,20;35,39;
38;2;12;2,65;4,71;
39;6;12;1,71;9,11;
41;2;16;6,40;20,22;
42;4;16;5,80;36,66;
43;3;20;13,15;97,44;
44;2;16;11,21;35,42;
112;VE;12;210,00;186,48;
3;2;12;2,65;4,71;
4;75;12;1,26;83,92;
22;3;12;1,97;5,25;
25;6;12;2,55;13,59;
40;8;12;3,45;24,51;
2;11;12;2,52;24,62;
Plan:P5_15085-02_T_08_587_BW_02_02;;;;;
1;198;12;11,50;2021,98;
2;92;12;6,00;490,18;
3;46;10;10,00;283,82;
4;54;10;3,45;114,95;
5;16;10;5,95;58,74;
6;47;12;3,45;143,99;
7;12;12;6,95;74,06;
8;62;12;2,05;112,86;
9;30;12;8,70;231,77;
10;16;12;5,15;73,17;
11;40;12;1,90;67,49;
12;60;12;12,70;676,66;
13;8;12;3,05;21,67;
14;7;12;3,85;23,93;
15;58;12;6,45;332,20;
16;251;16;4,00;1586,32;
17;266;12;5,50;1299,14;
18;70;10;2,80;120,93;
19;43;10;4,70;124,70;
20;17;10;7,95;83,39;
23;4;16;3,80;24,02;
24;2;12;1,40;2,49;
25;14;10;2,00;17,28;
27;34;10;2,10;44,05;
29;45;14;1,93;105,09;
30;2;16;5,50;17,38;
31;25;20;5,00;308,75;
32;6;16;3,00;28,44;
26;28;10;1,40;24,19;
28;540;12;1,33;637,76;
22;38;12;6,95;234,52;
21;20;10;1,37;16,91;
Plan:P5_15085-02_T_08_588_BW_02_00;;;;;
1;14;10;2,15;18,57;
2;14;8;2,15;11,89;
3;88;8;1,99;69,17;
4;28;10;2,00;34,55;
5;56;10;1,30;44,92;
8;18;8;1,24;8,82;
10;28;10;2,99;51,66;
11;40;10;2,29;56,52;
15;14;10;4,25;36,71;
16;6;12;1,40;7,46;
12;14;12;2,27;28,22;
6;23;16;3,40;123,56;
7;18;10;1,24;13,77;
9;13;10;3,40;27,27;
13;18;10;1,22;13,55;
14;14;14;4,25;71,99;
17;32;10;1,00;19,74;
18;34;10;1,44;30,21;
19;3;12;2,20;5,86;
201;14;14;1,20;20,33;
Plan:RNDlistopenDWGs;;;;;
1;276;10;5,75;979,18;
2;60;10;1,70;62,93;
3;224;10;1,64;226,66;
4;171;10;5,00;527,54;
5;64;8;2,03;51,32;
6;4;16;6,00;37,92;
7;4;16;9,90;62,57;
8;2;16;7,45;23,54;
9;2;16;8,45;26,70;
10;30;10;0,94;17,40;
11;15;12;4,11;54,75;
12;5;12;4,14;18,38;
13;114;10;7,20;506,43;
14;40;12;1,20;42,62;
15;40;10;1,19;29,37;
16;4;16;6,75;42,66;
17;4;14;2,59;12,54;
1;276;10;5,75;979,18;
2;60;10;1,70;62,93;
3;224;10;1,64;226,66;
4;171;10;5,00;527,54;
5;64;8;2,03;51,32;
6;4;16;6,00;37,92;
7;4;16;9,90;62,57;
8;2;16;7,45;23,54;
9;2;16;8,45;26,70;
10;30;10;0,94;17,40;
11;15;12;4,11;54,75;
12;5;12;4,14;18,38;
13;114;10;7,20;506,43;
14;40;12;1,20;42,62;
15;40;10;1,19;29,37;
16;4;16;6,75;42,66;
17;4;14;2,59;12,54;
RND_12_WÑnde 3;;;;;
Plan:P5_15085-02_T_08_590_BW_03_00;;;;;
Plan:P5_15085-02_T_08_591_BW_03_00;;;;;
1;132;10;1,26;102,62;
2;16;16;4,55;115,02;
Plan:P5_15085-02_T_08_592_BW_03_01;;;;;
1;71;10;1,69;74,03;
2;4;20;10,95;108,19;
3;152;10;3,95;370,45;
4;52;12;5,20;240,12;
5;36;10;2,00;44,42;
6;72;10;2,10;93,29;
7;18;10;3,60;39,98;
8;8;10;5,10;25,17;
9;64;12;3,25;184,70;
10;56;10;1,37;47,34;
11;12;12;2,00;21,31;
12;16;12;1,77;25,15;
14;572;10;5,20;1835,20;
15;4;20;7,30;72,12;
16;64;12;12,00;681,98;
17;12;12;8,10;86,31;
19;162;10;11,90;1189,45;
20;364;10;1,20;269,51;
21;26;12;1,30;30,01;
22;32;14;9,35;362,03;
23;12;12;5,00;53,28;
24;4;20;6,80;67,18;
26;72;10;1,26;55,97;
27;70;10;5,85;252,66;
30;45;12;3,74;149,45;
31;2;12;1,64;2,91;
32;2;12;2,28;4,05;
33;8;16;1,70;21,49;
35;36;10;2,20;48,87;
36;18;10;3,30;36,65;
37;16;12;1,75;24,86;
38;24;10;1,28;18,95;
39;11;16;8,86;153,99;
40;140;10;12,20;1053,84;
41;320;8;0,42;53,09;
13;108;10;1,68;111,95;
18;12;12;4,40;46,89;
25;22;16;6,80;236,37;
28;38;16;5,20;312,21;
29;19;16;2,80;84,06;
41;7;10;1,66;7,17;
34;4;16;2,85;18,01;
Plan:P5_15085-02_T_08_593_BW_03_01;;;;;
1;37;8;1,67;24,41;
2;8;14;5,20;50,34;
3;4;14;5,21;25,22;
4;24;8;1,62;15,36;
5;174;10;5,20;558,26;
6;70;10;12,90;557,15;
7;60;10;1,70;62,93;
8;20;10;1,25;15,43;
11;12;12;1,95;20,78;
12;4;14;13,25;64,13;
15;65;8;0,42;10,78;
9;89;10;1,18;64,80;
16;18;10;0,70;7,77;
10;15;12;12,90;171,83;
19;86;12;1,60;122,19;
20;86;12;1,35;103,10;
21;2;14;10,15;24,56;
22;2;14;4,20;10,16;
23;5;12;9,95;44,18;
24;5;12;3,45;15,32;
25;6;12;1,98;10,55;
26;6;12;1,93;10,28;
27;5;12;0,98;4,35;
17;68;8;1,98;53,18;
18;21;8;1,93;16,01;
13;44;12;1,70;66,42;
14;8;12;2,80;19,89;
Plan:P5_15085-02_T_08_594_BW_03_00;;;;;
1;145;10;1,63;145,83;
2;24;10;5,90;87,37;
3;36;10;9,00;199,91;
4;24;10;1,30;19,25;
5;16;16;7,70;194,66;
6;24;16;9,50;360,24;
8;7;8;1,62;4,48;
10;7;8;1,67;4,62;
18;4;16;3,70;23,38;
19;8;16;10,00;126,40;
20;75;8;0,47;13,92;
7;21;10;1,75;22,67;
9;60;10;10,00;370,20;
11;7;10;1,73;7,47;
12;4;10;1,61;3,97;
13;12;10;2,15;15,92;
14;24;10;1,00;14,81;
15;12;10;2,55;18,88;
16;12;10;1,85;13,70;
17;12;10;5,00;37,02;
21;28;10;0,85;14,68;
Plan:P5_15085-02_T_08_595_BW_03_00;;;;;
1;77;10;2,53;120,20;
2;42;10;1,55;40,17;
3;14;10;7,25;62,63;
4;31;10;2,58;49,35;
5;272;10;2,15;360,82;
6;14;10;0,80;6,91;
7;32;12;2,53;71,89;
8;48;10;3,55;105,14;
9;7;10;1,60;6,91;
10;25;8;0,37;3,65;
11;10;8;0,42;1,66;
12;34;10;7,50;157,34;
13;57;10;1,53;53,81;
14;114;10;1,51;106,21;
15;8;14;4,40;42,59;
16;112;10;1,11;76,71;
17;8;14;2,55;24,68;
112;VE;12;100,00;88,80;
Plan:P5_15085-02_T_08_596_BW_03_01;;;;;
2;70;10;5,05;218,11;
10;4;16;5,10;32,23;
11;86;12;2,28;174,12;
12;40;10;2,10;51,83;
13;8;14;2,50;24,20;
14;40;10;4,10;101,19;
15;10;14;4,50;54,45;
17;6;16;4,55;43,13;
18;20;8;3,40;26,86;
19;8;16;2,95;37,29;
20;50;8;2,95;58,26;
21;40;8;3,25;51,35;
22;29;8;1,18;13,52;
16;22;10;1,36;18,46;
1;90;10;4,35;241,56;
4;12;14;4,60;66,79;
7;4;20;3,10;30,63;
23;70;8;0,42;11,61;
3;194;10;1,70;203,49;
5;47;10;1,68;48,72;
6;11;10;4,24;28,78;
8;30;10;3,40;62,93;
9;58;10;1,75;62,63;
24;28;10;1,20;20,73;
Plan:P5_15085-02_T_08_597_BW_03_01;;;;;
1;104;10;4,35;279,13;
2;116;8;2,70;123,71;
3;208;8;1,70;139,67;
4;30;14;4,60;166,98;
5;74;10;1,68;76,71;
6;90;8;1,95;69,32;
8;3;8;1,54;1,82;
10;4;16;2,00;12,64;
7;39;8;1,94;29,89;
9;7;10;4,18;18,05;
11;45;8;0,42;7,47;
Plan:RNDlistopenDWGs;;;;;
1;276;10;5,75;979,18;
2;60;10;1,70;62,93;
3;224;10;1,64;226,66;
4;171;10;5,00;527,54;
5;64;8;2,03;51,32;
6;4;16;6,00;37,92;
7;4;16;9,90;62,57;
8;2;16;7,45;23,54;
9;2;16;8,45;26,70;
10;30;10;0,94;17,40;
11;15;12;4,11;54,75;
12;5;12;4,14;18,38;
13;114;10;7,20;506,43;
14;40;12;1,20;42,62;
15;40;10;1,19;29,37;
16;4;16;6,75;42,66;
17;4;14;2,59;12,54;
1;276;10;5,75;979,18;
2;60;10;1,70;62,93;
3;224;10;1,64;226,66;
4;171;10;5,00;527,54;
5;64;8;2,03;51,32;
6;4;16;6,00;37,92;
7;4;16;9,90;62,57;
8;2;16;7,45;23,54;
9;2;16;8,45;26,70;
10;30;10;0,94;17,40;
11;15;12;4,11;54,75;
12;5;12;4,14;18,38;
13;114;10;7,20;506,43;
14;40;12;1,20;42,62;
15;40;10;1,19;29,37;
16;4;16;6,75;42,66;
17;4;14;2,59;12,54;
RND_13_Decke 3;;;;;
Plan:P5_15085-02_T_08_599_BW_03_00;;;;;
1;109;10;1,88;126,44;
3;3;20;3,30;24,45;
4;3;20;13,50;100,04;
112;VE;12;75,00;66,60;
2;6;20;8,60;127,45;
5;6;20;5,85;86,70;
6;4;12;1,52;5,40;
Plan:P5_15085-02_T_08_600_BW_03_02;;;;;
1;826;10;0,85;433,20;
2;130;10;1,18;94,65;
4;6;16;4,40;41,71;
5;2;16;5,50;17,38;
7;238;10;1,28;187,96;
8;20;12;2,20;39,07;
9;4;12;1,85;6,57;
10;12;12;2,50;26,64;
11;12;12;2,12;22,59;
14;16;12;1,52;21,60;
15;16;14;3,30;63,89;
16;2;16;6,70;21,17;
17;2;16;9,40;29,70;
18;14;16;4,15;91,80;
19;5;14;2,30;13,92;
20;2;12;6,70;11,90;
21;14;12;4,15;51,59;
22;8;12;4,40;31,26;
23;8;12;1,20;8,52;
112;VE;12;530,00;470,64;
3;14;10;1,72;14,86;
6;14;10;1,73;14,94;
12;38;10;2,28;53,46;
13;2;12;9,40;16,69;
Plan:P5_15085-02_T_08_601_BW_03_02;;;;;
1;32;16;6,00;303,36;
4;75;10;12,90;596,95;
5;30;10;2,80;51,83;
6;31;10;3,15;60,25;
7;13;10;8,75;70,18;
8;189;10;4,35;507,27;
9;20;10;3,35;41,34;
11;224;10;4,70;649,58;
12;34;10;5,65;118,53;
13;294;10;10,50;1904,68;
14;60;10;4,70;173,99;
15;68;10;11,15;467,81;
16;14;10;7,15;61,76;
17;38;10;2,20;51,58;
18;20;10;5,50;67,87;
19;19;10;3,50;41,03;
22;21;16;5,50;182,49;
23;10;16;7,65;120,87;
25;21;16;5,10;169,22;
26;13;16;8,20;168,43;
27;16;14;3,00;58,08;
28;4;14;3,60;17,42;
30;4;16;4,15;26,23;
31;4;16;2,90;18,33;
32;826;10;1,03;524,93;
2;203;16;5,00;1603,70;
24;17;16;8,05;216,22;
20;31;10;2,50;47,82;
29;54;14;2,30;150,28;
3;15;16;4,42;104,75;
10;19;10;5,55;65,06;
21;8;16;4,60;58,14;
33;7;10;1,17;5,05;
34;13;10;1,30;10,43;
35;7;10;0,83;3,58;
Plan:RNDlistopenDWGs;;;;;
1;276;10;5,75;979,18;
2;60;10;1,70;62,93;
3;224;10;1,64;226,66;
4;171;10;5,00;527,54;
5;64;8;2,03;51,32;
6;4;16;6,00;37,92;
7;4;16;9,90;62,57;
8;2;16;7,45;23,54;
9;2;16;8,45;26,70;
10;30;10;0,94;17,40;
11;15;12;4,11;54,75;
12;5;12;4,14;18,38;
13;114;10;7,20;506,43;
14;40;12;1,20;42,62;
15;40;10;1,19;29,37;
16;4;16;6,75;42,66;
17;4;14;2,59;12,54;
1;276;10;5,75;979,18;
2;60;10;1,70;62,93;
3;224;10;1,64;226,66;
4;171;10;5,00;527,54;
5;64;8;2,03;51,32;
6;4;16;6,00;37,92;
7;4;16;9,90;62,57;
8;2;16;7,45;23,54;
9;2;16;8,45;26,70;
10;30;10;0,94;17,40;
11;15;12;4,11;54,75;
12;5;12;4,14;18,38;
13;114;10;7,20;506,43;
14;40;12;1,20;42,62;
15;40;10;1,19;29,37;
16;4;16;6,75;42,66;
17;4;14;2,59;12,54;
RND_Brandwand;;;;;
Plan:P5_15085-02_T_08_610_BW_EUB_02;;;;;
1;60;12;0,88;46,89;
2;24;10;1,66;24,58;
10;15;12;9,70;129,20;
12;40;12;0,90;31,97;
14;4;20;4,40;43,47;
19;2;16;4,05;12,80;
201;24;14;0,80;23,23;
20;18;12;2,12;33,89;
3;15;10;1,46;13,51;
4;139;10;2,22;190,39;
5;8;16;7,25;91,64;
6;4;14;4,70;22,75;
8;21;12;1,38;25,73;
9;4;12;3,60;12,79;
13;4;20;4,80;47,42;
15;4;20;4,70;46,44;
16;15;12;7,25;96,57;
17;12;10;1,72;12,73;
18;9;12;3,00;23,98;
7;16;16;5,70;144,10;
11;177;10;1,13;123,41;
Plan:RNDlistopenDWGs;;;;;
1;276;10;5,75;979,18;
2;60;10;1,70;62,93;
3;224;10;1,64;226,66;
4;171;10;5,00;527,54;
5;64;8;2,03;51,32;
6;4;16;6,00;37,92;
7;4;16;9,90;62,57;
8;2;16;7,45;23,54;
9;2;16;8,45;26,70;
10;30;10;0,94;17,40;
11;15;12;4,11;54,75;
12;5;12;4,14;18,38;
13;114;10;7,20;506,43;
14;40;12;1,20;42,62;
15;40;10;1,19;29,37;
16;4;16;6,75;42,66;
17;4;14;2,59;12,54;
1;276;10;5,75;979,18;
2;60;10;1,70;62,93;
3;224;10;1,64;226,66;
4;171;10;5,00;527,54;
5;64;8;2,03;51,32;
6;4;16;6,00;37,92;
7;4;16;9,90;62,57;
8;2;16;7,45;23,54;
9;2;16;8,45;26,70;
10;30;10;0,94;17,40;
11;15;12;4,11;54,75;
12;5;12;4,14;18,38;
13;114;10;7,20;506,43;
14;40;12;1,20;42,62;
15;40;10;1,19;29,37;
16;4;16;6,75;42,66;
17;4;14;2,59;12,54;
RND_GerÑtefundamente;;;;;
Plan:P5_15085-02_T_08_472_BW_U2_00;;;;;
1;76;8;1,20;36,02;
2;108;8;1,78;75,93;
3;40;8;3,25;51,35;
4;68;8;2,75;73,86;
5;82;8;2,78;90,04;
6;57;8;2,40;54,04;
7;36;8;3,90;55,46;
12;13;10;2,54;20,37;
13;16;10;2,40;23,69;
14;112;8;3,20;141,57;
16;60;8;1,18;27,97;
17;16;10;1,48;14,61;
18;27;10;2,50;41,65;
19;16;10;3,25;32,08;
20;84;12;2,87;214,08;
21;36;12;4,00;127,87;
22;36;12;2,00;63,94;
28;8;12;3,75;26,64;
8;26;8;3,60;36,97;
10;18;8;1,20;8,53;
11;10;8;2,80;11,06;
24;10;8;1,55;6,12;
25;18;8;4,10;29,15;
27;68;8;2,55;68,49;
29;49;8;0,90;17,42;
30;10;8;3,25;12,84;
9;98;8;1,75;67,74;
15;136;8;3,75;201,45;
23;4;10;1,70;4,20;
26;4;10;2,60;6,42;
Plan:P5_15085-02_T_08_598_BW_03_00;;;;;
1;448;8;2,90;513,18;
2;110;8;1,08;46,93;
3;80;8;6,85;216,46;
4;80;8;7,45;235,42;
5;44;8;2,60;45,19;
6;18;8;5,45;38,75;
7;17;8;1,76;11,82;
8;12;8;2,58;12,23;
9;34;8;2,18;29,28;
10;28;8;2,60;28,76;
11;100;8;1,92;75,84;
12;24;8;6,40;60,67;
13;34;6;2,54;19,17;
14;42;6;2,14;19,95;
15;16;20;0,80;31,62;
Plan:P5_15085-02_T_08_602_BW_03_00;;;;;
1;60;12;2,36;125,74;
2;60;12;1,87;99,63;
3;32;12;2,00;56,83;
4;120;12;1,45;154,51;
6;12;14;1,45;21,05;
7;12;12;0,88;9,38;
8;12;12;0,90;9,59;
9;12;12;0,86;9,16;
10;6;12;1,47;7,83;
11;6;12;1,02;5,43;
12;8;12;1,20;8,52;
5;120;12;1,40;149,18;
13;12;12;1,39;14,81;
Plan:RNDlistopenDWGs;;;;;
1;276;10;5,75;979,18;
2;60;10;1,70;62,93;
3;224;10;1,64;226,66;
4;171;10;5,00;527,54;
5;64;8;2,03;51,32;
6;4;16;6,00;37,92;
7;4;16;9,90;62,57;
8;2;16;7,45;23,54;
9;2;16;8,45;26,70;
10;30;10;0,94;17,40;
11;15;12;4,11;54,75;
12;5;12;4,14;18,38;
13;114;10;7,20;506,43;
14;40;12;1,20;42,62;
15;40;10;1,19;29,37;
16;4;16;6,75;42,66;
17;4;14;2,59;12,54;
1;276;10;5,75;979,18;
2;60;10;1,70;62,93;
3;224;10;1,64;226,66;
4;171;10;5,00;527,54;
5;64;8;2,03;51,32;
6;4;16;6,00;37,92;
7;4;16;9,90;62,57;
8;2;16;7,45;23,54;
9;2;16;8,45;26,70;
10;30;10;0,94;17,40;
11;15;12;4,11;54,75;
12;5;12;4,14;18,38;
13;114;10;7,20;506,43;
14;40;12;1,20;42,62;
15;40;10;1,19;29,37;
16;4;16;6,75;42,66;
17;4;14;2,59;12,54;
RND_GrÅndungspfÑhle;;;;;
Plan:P5_15085-02_T_08_421_BW_EUB_01;;;;;
1;8;10;165,53;817,06;
3;240;16;0,63;238,90;
2;40;16;15,20;960,64;
4;40;20;15,20;1501,76;
Plan:P5_15085-02_T_08_422_BW_EUB_02;;;;;
3;150;16;0,63;149,31;
1;5;10;165,53;510,66;
2;25;16;15,05;594,48;
4;25;20;15,05;929,34;
Plan:P5_15085-02_T_08_423_BW_EUB_03;;;;;
1;25;10;167,89;2589,70;
3;750;16;0,63;746,55;
2;125;16;15,20;3002,00;
4;125;20;15,20;4693,00;
Plan:P5_15085-02_T_08_424_BW_EUB_01;;;;;
1;3;10;165,53;306,40;
3;90;16;0,63;89,59;
2;15;16;15,05;356,69;
4;15;20;15,05;557,60;
Plan:P5_15085-02_T_08_425_BW_EUB_03;;;;;
1;6;10;158,43;586,51;
3;180;16;0,63;179,17;
2;30;16;14,60;692,04;
4;30;20;14,60;1081,86;
Plan:P5_15085-02_T_08_426_BW_EUB_01;;;;;
1;2;10;146,61;180,92;
3;60;16;0,63;59,72;
2;10;16;13,60;214,88;
4;10;20;13,60;335,92;
Plan:P5_15085-02_T_08_427_BW_EUB_01;;;;;
1;1;10;137,15;84,62;
3;30;16;0,63;29,86;
2;5;16;12,85;101,52;
4;5;20;12,85;158,70;
Plan:P5_15085-02_T_08_428_BW_EUB_01;;;;;
1;1;10;141,88;87,54;
3;30;16;0,63;29,86;
2;5;16;13,25;104,68;
4;5;20;13,25;163,64;
Plan:P5_15085-02_T_08_429_BW_EUB_03;;;;;
1;12;10;146,61;1085,50;
3;360;16;0,63;358,34;
2;60;16;13,60;1289,28;
4;60;20;13,60;2015,52;
Plan:RNDlistopenDWGs;;;;;
1;276;10;5,75;979,18;
2;60;10;1,70;62,93;
3;224;10;1,64;226,66;
4;171;10;5,00;527,54;
5;64;8;2,03;51,32;
6;4;16;6,00;37,92;
7;4;16;9,90;62,57;
8;2;16;7,45;23,54;
9;2;16;8,45;26,70;
10;30;10;0,94;17,40;
11;15;12;4,11;54,75;
12;5;12;4,14;18,38;
13;114;10;7,20;506,43;
14;40;12;1,20;42,62;
15;40;10;1,19;29,37;
16;4;16;6,75;42,66;
17;4;14;2,59;12,54;
1;276;10;5,75;979,18;
2;60;10;1,70;62,93;
3;224;10;1,64;226,66;
4;171;10;5,00;527,54;
5;64;8;2,03;51,32;
6;4;16;6,00;37,92;
7;4;16;9,90;62,57;
8;2;16;7,45;23,54;
9;2;16;8,45;26,70;
10;30;10;0,94;17,40;
11;15;12;4,11;54,75;
12;5;12;4,14;18,38;
13;114;10;7,20;506,43;
14;40;12;1,20;42,62;
15;40;10;1,19;29,37;
16;4;16;6,75;42,66;
17;4;14;2,59;12,54;
RND_Verbau;;;;;
Plan:P5_15085-02_T_08_401_BW_EUB_02;;;;;
3;390;16;0,64;394,37;
1;13;12;332,52;3838,61;
2;117;20;14,15;4089,21;
Plan:P5_15085-02_T_08_402_BW_EUB_02;;;;;
1;15;12;221,93;2956,11;
3;450;16;0,65;462,15;
2;195;28;14,15;13327,18;
Plan:P5_15085-02_T_08_403_BW_EUB_02;;;;;
1;7;12;212,49;1320,84;
2;63;28;13,60;4138,34;
3;210;16;0,65;215,67;
Plan:P5_15085-02_T_08_404_BW_EUB_01;;;;;
1;2;14;257,06;622,09;
2;2;12;91,97;163,34;
3;24;28;14,80;1715,62;
4;16;28;11,50;888,72;
5;72;16;0,65;73,94;
Plan:P5_15085-02_T_08_405_BW_EUB_02;;;;;
1;4;10;214,85;530,25;
2;60;28;13,70;3970,26;
3;120;16;0,65;123,24;
Plan:P5_15085-02_T_08_406_BW_EUB_00;;;;;
1;4;14;247,53;1198,05;
2;4;12;169,80;603,13;
3;44;28;15,15;3219,68;
4;44;28;12,00;2550,24;
5;144;16;0,65;147,89;
Plan:P5_15085-02_T_08_407_BW_EUB_02;;;;;
1;6;12;221,93;1182,44;
2;54;20;14,15;1887,33;
3;180;16;0,64;182,02;
Plan:P5_15085-02_T_08_408_BW_EUB_00;;;;;
1;10;12;469,12;4165,79;
2;120;28;14,95;8665,02;
3;40;28;12,00;2318,40;
4;360;16;0,65;369,72;
Plan:P5_15085-02_T_08_409_BW_EUB_00;;;;;
1;4;14;247,53;1198,05;
2;4;12;183,95;653,39;
3;56;28;15,75;4260,06;
4;28;28;12,00;1622,88;
5;144;16;0,65;147,89;
Plan:P5_15085-02_T_08_410_BW_EUB_00;;;;;
1;8;12;332,52;2362,22;
2;64;25;14,15;3486,56;
3;240;16;0,65;246,48;
Plan:P5_15085-02_T_08_416_BW_EUB_00;;;;;
1;2;12;221,93;394,15;
2;18;28;14,15;1230,20;
3;60;16;0,65;61,62;
Plan:P5_15085-02_T_08_417_BW_EUB_00;;;;;
1;4;12;212,49;754,76;
2;36;28;13,60;2364,77;
3;120;16;0,65;123,24;
Plan:P5_15085-02_T_08_418_BW_EUB_00;;;;;
1;4;12;320,86;1139,69;
2;48;20;16,40;1944,38;
3;264;16;0,65;271,13;
Plan:P5_15085-02_T_08_420_BW_EUB_00;;;;;
1;62;25;5,12;1222,14;
3;62;14;1,84;138,04;
4;62;14;1,79;134,29;
5;28;12;5,20;129,29;
6;60;16;3,40;322,32;
7;16;16;4,58;115,78;
8;12;20;5,23;155,02;
9;16;16;4,66;117,80;
10;12;20;5,31;157,39;
2;58;16;4,92;450,87;
Plan:RNDlistopenDWGs;;;;;
1;276;10;5,75;979,18;
2;60;10;1,70;62,93;
3;224;10;1,64;226,66;
4;171;10;5,00;527,54;
5;64;8;2,03;51,32;
6;4;16;6,00;37,92;
7;4;16;9,90;62,57;
8;2;16;7,45;23,54;
9;2;16;8,45;26,70;
10;30;10;0,94;17,40;
11;15;12;4,11;54,75;
12;5;12;4,14;18,38;
13;114;10;7,20;506,43;
14;40;12;1,20;42,62;
15;40;10;1,19;29,37;
16;4;16;6,75;42,66;
17;4;14;2,59;12,54;
1;276;10;5,75;979,18;
2;60;10;1,70;62,93;
3;224;10;1,64;226,66;
4;171;10;5,00;527,54;
5;64;8;2,03;51,32;
6;4;16;6,00;37,92;
7;4;16;9,90;62,57;
8;2;16;7,45;23,54;
9;2;16;8,45;26,70;
10;30;10;0,94;17,40;
11;15;12;4,11;54,75;
12;5;12;4,14;18,38;
13;114;10;7,20;506,43;
14;40;12;1,20;42,62;
15;40;10;1,19;29,37;
16;4;16;6,75;42,66;
17;4;14;2,59;12,54;
